date,open,high,close,low,volume,amount
2003/9/25,0.66,0.66,0.63,0.63,6011811,70686149
2003/9/26,0.62,0.64,0.62,0.62,2210343,25361912
2003/9/29,0.62,0.63,0.61,0.61,1836307,20817360
2003/9/30,0.61,0.61,0.6,0.59,1990527,21998764
2003/10/8,0.6,0.61,0.59,0.59,972361,10618126
2003/10/9,0.6,0.61,0.61,0.59,1140014,12614159
2003/10/10,0.61,0.64,0.63,0.6,1947522,22165474
2003/10/13,0.62,0.65,0.62,0.62,1473947,17172384
2003/10/14,0.62,0.63,0.62,0.62,636159,7274410
2003/10/15,0.63,0.64,0.63,0.62,1185763,13806578
2003/10/16,0.63,0.63,0.62,0.62,519676,5938407
2003/10/17,0.62,0.63,0.62,0.61,473862,5426660
2003/10/20,0.62,0.63,0.63,0.62,665974,7691362
2003/10/21,0.63,0.63,0.63,0.62,495656,5669009
2003/10/22,0.63,0.66,0.64,0.63,2052403,24352192
2003/10/23,0.64,0.65,0.64,0.64,592500,7008739
2003/10/24,0.64,0.65,0.64,0.64,547272,6475495
2003/10/27,0.64,0.64,0.62,0.61,875227,10028687
2003/10/28,0.6,0.63,0.61,0.6,335294,3801621
2003/10/29,0.61,0.62,0.6,0.6,538506,5968908
2003/10/30,0.6,0.61,0.6,0.6,161987,1793775
2003/10/31,0.6,0.62,0.61,0.6,278255,3132209
2003/11/3,0.61,0.61,0.61,0.6,238888,2662165
2003/11/4,0.61,0.63,0.62,0.61,524488,5968092
2003/11/5,0.62,0.62,0.61,0.61,250599,2823829
2003/11/6,0.61,0.61,0.58,0.58,504459,5494275
2003/11/7,0.59,0.59,0.57,0.54,774380,8077744
2003/11/10,0.57,0.57,0.56,0.55,284221,2886179
2003/11/11,0.56,0.56,0.56,0.55,125150,1274244
2003/11/12,0.56,0.56,0.55,0.54,162156,1633101
2003/11/13,0.55,0.56,0.55,0.54,252613,2528481
2003/11/14,0.55,0.55,0.55,0.54,116893,1173285
2003/11/17,0.6,0.6,0.57,0.56,497118,5275966
2003/11/18,0.56,0.56,0.55,0.55,134600,1362887
2003/11/19,0.54,0.56,0.56,0.54,131118,1334116
2003/11/20,0.56,0.58,0.58,0.56,581923,6109098
2003/11/21,0.58,0.58,0.57,0.56,455111,4760822
2003/11/24,0.56,0.6,0.59,0.56,259625,2760275
2003/11/25,0.58,0.6,0.59,0.57,525537,5671261
2003/11/26,0.59,0.6,0.6,0.59,452662,4943212
2003/11/27,0.6,0.6,0.59,0.57,388550,4224760
2003/11/28,0.59,0.61,0.6,0.59,428590,4713754
2003/12/2,0.6,0.61,0.6,0.6,629215,7010617
2003/12/3,0.6,0.61,0.59,0.59,346944,3798167
2003/12/4,0.59,0.6,0.59,0.58,404520,4390456
2003/12/5,0.59,0.59,0.59,0.58,271740,2934909
2003/12/8,0.59,0.59,0.59,0.59,306620,3332111
2003/12/9,0.59,0.61,0.61,0.59,490176,5429061
2003/12/10,0.6,0.61,0.61,0.6,487469,5452970
2003/12/11,0.61,0.62,0.6,0.6,367900,4135811
2003/12/12,0.6,0.61,0.61,0.6,227400,2518638
2003/12/15,0.6,0.61,0.61,0.6,433400,4854646
2003/12/16,0.61,0.61,0.59,0.59,248574,2731184
2003/12/17,0.59,0.6,0.59,0.59,174400,1895539
2003/12/18,0.59,0.59,0.58,0.57,199047,2138546
2003/12/19,0.58,0.58,0.56,0.55,404525,4213238
2003/12/22,0.56,0.57,0.56,0.54,244023,2483492
2003/12/23,0.57,0.57,0.56,0.56,248054,2559192
2003/12/24,0.56,0.56,0.56,0.56,170271,1749703
2003/12/25,0.56,0.58,0.57,0.56,380310,3988404
2003/12/26,0.57,0.6,0.59,0.57,643659,6953030
2003/12/29,0.59,0.59,0.59,0.58,284400,3079999
2003/12/30,0.59,0.61,0.61,0.59,592444,6536823
2003/12/31,0.6,0.62,0.61,0.6,590619,6638142
2004/1/2,0.61,0.63,0.61,0.61,607600,6917156
2004/1/5,0.62,0.62,0.62,0.61,608904,6847474
2004/1/6,0.62,0.63,0.63,0.62,709547,8171785
2004/1/7,0.63,0.66,0.65,0.63,936570,11162769
2004/1/8,0.65,0.71,0.69,0.64,1449267,18043409
2004/1/9,0.69,0.69,0.66,0.65,1026480,12679499
2004/1/12,0.66,0.68,0.68,0.66,460582,5633086
2004/1/13,0.67,0.68,0.66,0.66,516086,6350491
2004/1/14,0.66,0.66,0.65,0.65,417406,4998426
2004/1/15,0.65,0.66,0.65,0.64,365554,4369947
2004/1/16,0.65,0.67,0.66,0.65,259474,3145852
2004/1/29,0.66,0.67,0.67,0.66,285569,3503671
2004/1/30,0.67,0.67,0.64,0.64,330300,3993148
2004/2/2,0.66,0.67,0.65,0.65,640281,7712477
2004/2/3,0.65,0.67,0.67,0.65,907427,10939631
2004/2/4,0.67,0.7,0.69,0.67,1211141,15327171
2004/2/5,0.69,0.73,0.72,0.69,1528551,19896753
2004/2/6,0.71,0.72,0.7,0.7,543495,7046717
2004/2/10,0.71,0.75,0.72,0.71,1029780,13778461
2004/2/11,0.72,0.74,0.73,0.71,909653,12142524
2004/2/12,0.73,0.74,0.72,0.72,594676,7974030
2004/2/13,0.72,0.72,0.71,0.71,603621,7930980
2004/2/16,0.71,0.76,0.75,0.71,1093622,14969842
2004/2/17,0.75,0.76,0.75,0.75,578429,8037106
2004/2/18,0.76,0.76,0.76,0.74,756034,10486486
2004/2/19,0.76,0.81,0.79,0.76,1102123,15886043
2004/2/20,0.79,0.81,0.8,0.78,469952,6825568
2004/2/23,0.8,0.8,0.79,0.79,458482,6710800
2004/2/24,0.78,0.79,0.79,0.76,665708,9515604
2004/2/25,0.79,0.82,0.77,0.77,566400,8288953
2004/2/26,0.77,0.78,0.78,0.77,444481,6354942
2004/2/27,0.78,0.79,0.79,0.77,493174,7104160
2004/3/1,0.79,0.81,0.8,0.79,424187,6233906
2004/3/2,0.8,0.8,0.8,0.79,407342,5976111
2004/3/3,0.8,0.81,0.79,0.78,514693,7524459
2004/3/4,0.78,0.79,0.77,0.76,522065,7393992
2004/3/5,0.77,0.77,0.77,0.76,337202,4742462
2004/3/8,0.77,0.77,0.76,0.76,251503,3529415
2004/3/9,0.76,0.77,0.77,0.76,256275,3592235
2004/3/10,0.76,0.78,0.78,0.76,461180,6553825
2004/3/11,0.78,0.79,0.78,0.78,496600,7171830
2004/3/12,0.78,0.79,0.79,0.78,449552,6493387
2004/3/15,0.79,0.8,0.8,0.79,491532,7195263
2004/3/16,0.8,0.8,0.8,0.79,409077,6006930
2004/3/17,0.81,0.81,0.79,0.77,437292,6347815
2004/3/18,0.79,0.8,0.78,0.77,485065,7046771
2004/3/19,0.78,0.79,0.78,0.78,330323,4741850
2004/3/22,0.78,0.83,0.83,0.78,986625,14677037
2004/3/23,0.83,0.84,0.83,0.82,602730,9148504
2004/3/24,0.83,0.87,0.85,0.82,1181842,18552066
2004/3/25,0.85,0.87,0.86,0.85,510191,8055364
2004/3/26,0.86,0.87,0.86,0.84,843084,13250225
2004/3/29,0.86,0.9,0.86,0.86,1092689,17580247
2004/3/30,0.86,0.86,0.85,0.84,452009,7039622
2004/3/31,0.82,0.85,0.84,0.82,699042,10606265
2004/4/1,0.82,0.84,0.84,0.82,1041823,15837522
2004/4/2,0.84,0.89,0.87,0.84,797394,12645511
2004/4/5,0.87,0.91,0.9,0.87,794189,13036824
2004/4/6,0.9,0.9,0.9,0.88,397494,6515471
2004/4/7,0.9,0.91,0.9,0.89,470545,7784669
2004/4/8,0.91,0.93,0.93,0.9,927690,15682454
2004/4/9,0.92,0.95,0.92,0.91,1081084,18538980
2004/4/12,0.91,0.95,0.94,0.91,476345,8173745
2004/4/13,0.94,0.94,0.9,0.9,699475,11820016
2004/4/14,0.91,0.95,0.92,0.9,834324,14183560
2004/4/15,0.91,0.92,0.89,0.89,634489,10454580
2004/4/16,0.89,0.91,0.9,0.89,734444,12111489
2004/4/19,0.9,0.94,0.92,0.9,532845,9064563
2004/4/20,0.95,0.95,0.91,0.91,749857,12642097
2004/4/21,0.91,0.92,0.92,0.91,494114,8305397
2004/4/22,0.94,0.98,0.95,0.92,2405017,42105188
2004/4/23,0.95,0.95,0.94,0.94,558683,9682841
2004/4/26,0.94,0.95,0.95,0.94,434297,7548417
2004/4/27,0.95,0.95,0.91,0.91,426491,7306005
2004/4/28,0.92,0.92,0.91,0.9,466029,7824089
2004/4/29,0.92,0.92,0.89,0.89,341367,5677586
2004/4/30,0.89,0.91,0.91,0.89,339884,5623846
2004/5/10,0.91,0.91,0.9,0.9,183600,3035686
2004/5/11,0.9,0.93,0.92,0.9,283570,4789552
2004/5/12,0.92,0.93,0.93,0.92,428777,7312960
2004/5/13,0.93,0.93,0.92,0.91,216693,3662523
2004/5/14,0.92,0.92,0.92,0.91,183612,3094191
2004/5/17,0.92,0.94,0.92,0.91,242080,4098295
2004/5/18,0.91,0.92,0.92,0.91,174641,2950686
2004/5/19,0.92,0.93,0.92,0.92,232048,3929141
2004/5/21,0.92,0.92,0.83,0.83,667700,10674695
2004/5/24,0.82,0.83,0.82,0.82,317731,4798884
2004/5/25,0.82,0.83,0.82,0.81,257890,3871950
2004/5/26,0.82,0.83,0.83,0.82,115909,1743793
2004/5/27,0.82,0.85,0.84,0.82,118254,1829288
2004/5/28,0.84,0.86,0.86,0.84,163711,2560518
2004/5/31,0.85,0.86,0.86,0.85,297800,4681841
2004/6/1,0.86,0.9,0.89,0.86,553967,8976516
2004/6/2,0.88,0.88,0.87,0.86,247604,3963979
2004/6/3,0.87,0.87,0.87,0.87,123571,1971695
2004/6/4,0.87,0.88,0.88,0.87,165300,1327562
2004/6/7,0.88,0.88,0.86,0.85,159000,1257178
2004/6/8,0.86,0.86,0.86,0.85,143160,1123633
2004/6/9,0.86,0.86,0.83,0.82,286230,2196962
2004/6/10,0.84,0.85,0.83,0.82,194909,1480646
2004/6/11,0.83,0.84,0.82,0.82,331700,2517528
2004/6/14,0.82,0.82,0.8,0.8,115300,855478
2004/6/15,0.81,0.81,0.8,0.8,92900,683289
2004/6/16,0.81,0.81,0.8,0.79,148100,1083440
2004/6/17,0.8,0.8,0.79,0.79,98480,713738
2004/6/18,0.79,0.8,0.79,0.78,134966,973861
2004/6/21,0.79,0.81,0.8,0.79,72100,526977
2004/6/22,0.82,0.86,0.85,0.82,421177,3207533
2004/6/23,0.85,0.85,0.84,0.82,223177,1719471
2004/6/24,0.83,0.84,0.84,0.82,165200,1260380
2004/6/25,0.84,0.88,0.84,0.83,718418,5647583
2004/6/28,0.84,0.84,0.82,0.82,173000,1307567
2004/6/29,0.82,0.83,0.82,0.81,233169,1756884
2004/6/30,0.82,0.84,0.82,0.82,158100,1205572
2004/7/1,0.82,0.84,0.84,0.82,277517,2120203
2004/7/2,0.84,0.84,0.82,0.81,118500,888193
2004/7/5,0.82,0.82,0.82,0.81,78750,590021
2004/7/6,0.82,0.84,0.83,0.82,112398,858961
2004/7/7,0.83,0.83,0.83,0.82,87270,659463
2004/7/8,0.83,0.83,0.83,0.82,49092,372432
2004/7/9,0.83,0.84,0.84,0.83,108651,832557
2004/7/12,0.84,0.84,0.82,0.82,99600,752383
2004/7/13,0.82,0.82,0.82,0.82,91018,683502
2004/7/14,0.82,0.83,0.82,0.81,83300,626001
2004/7/15,0.82,0.82,0.82,0.81,78100,584037
2004/7/16,0.81,0.84,0.84,0.8,285686,2146029
2004/7/19,0.84,0.86,0.85,0.84,349387,2715536
2004/7/20,0.85,0.85,0.84,0.83,215700,1666703
2004/7/21,0.84,0.85,0.84,0.83,209200,1614678
2004/7/22,0.84,0.84,0.81,0.81,148279,1127226
2004/7/23,0.82,0.82,0.82,0.81,81700,609771
2004/7/26,0.82,0.82,0.81,0.8,102000,760021
2004/7/27,0.81,0.82,0.8,0.8,96800,716061
2004/7/28,0.8,0.83,0.82,0.8,169082,1274504
2004/7/29,0.82,0.83,0.83,0.82,102900,779413
2004/7/30,0.83,0.83,0.83,0.82,86700,656685
2004/8/2,0.83,0.83,0.83,0.82,68120,516512
2004/8/3,0.82,0.83,0.82,0.81,113000,850247
2004/8/4,0.82,0.84,0.83,0.81,184200,1393534
2004/8/5,0.83,0.84,0.82,0.82,249700,1896053
2004/8/6,0.82,0.82,0.79,0.79,172300,1282034
2004/8/9,0.8,0.8,0.79,0.78,80000,580678
2004/8/10,0.79,0.8,0.8,0.79,72550,528307
2004/8/11,0.79,0.8,0.79,0.79,78200,570336
2004/8/12,0.79,0.79,0.76,0.75,152378,1075048
2004/8/13,0.76,0.77,0.76,0.76,65300,457095
2004/8/16,0.76,0.77,0.76,0.76,66900,467159
2004/8/17,0.76,0.76,0.75,0.75,109900,761034
2004/8/18,0.75,0.76,0.76,0.75,68279,474105
2004/8/19,0.76,0.76,0.75,0.74,99900,687903
2004/8/20,0.75,0.75,0.75,0.75,47471,326378
2004/8/23,0.75,0.76,0.75,0.75,76279,525475
2004/8/24,0.75,0.75,0.75,0.75,107400,738917
2004/8/25,0.75,0.77,0.77,0.75,134884,938810
2004/8/26,0.76,0.77,0.76,0.76,107800,754401
2004/8/27,0.76,0.77,0.75,0.75,62954,436879
2004/8/30,0.75,0.76,0.76,0.75,83850,583286
2004/8/31,0.76,0.78,0.77,0.76,201072,1421563
2004/9/1,0.77,0.77,0.77,0.76,66304,464541
2004/9/2,0.77,0.78,0.78,0.76,165600,1168386
2004/9/3,0.77,0.78,0.78,0.77,73200,519487
2004/9/6,0.78,0.78,0.78,0.78,86494,617506
2004/9/7,0.78,0.79,0.77,0.77,103549,738789
2004/9/8,0.78,0.78,0.77,0.77,97100,688594
2004/9/9,0.77,0.77,0.77,0.76,108100,761228
2004/9/10,0.77,0.77,0.77,0.76,140300,985320
2004/9/13,0.77,0.77,0.76,0.76,180300,1264676
2004/9/14,0.76,0.78,0.76,0.76,222800,1567398
2004/9/15,0.77,0.84,0.83,0.77,774494,5778247
2004/9/16,0.82,0.84,0.83,0.81,624479,4724988
2004/9/17,0.84,0.87,0.86,0.82,778697,6027514
2004/9/20,0.8,0.91,0.9,0.8,1125600,9161420
2004/9/22,0.89,0.92,0.89,0.88,795455,6575870
2004/9/23,0.89,0.95,0.93,0.89,1058691,8933270
2004/9/24,0.92,0.99,0.93,0.92,1841560,16091607
2004/9/27,0.93,0.96,0.92,0.92,629148,5392543
2004/9/28,0.93,0.93,0.91,0.88,647850,5348717
2004/9/29,0.9,0.91,0.88,0.87,741600,6093566
2004/9/30,0.88,0.88,0.83,0.83,601452,4647624
2004/10/8,0.84,0.84,0.84,0.83,327196,2517550
2004/10/11,0.84,0.85,0.83,0.82,565708,4323669
2004/10/12,0.83,0.84,0.82,0.81,194572,1476389
2004/10/13,0.82,0.83,0.82,0.82,270400,2038123
2004/10/14,0.82,0.82,0.77,0.76,354933,2539261
2004/10/15,0.77,0.79,0.76,0.74,645665,4481545
2004/10/18,0.75,0.79,0.77,0.75,393620,2759624
2004/10/19,0.77,0.78,0.78,0.77,259376,1852190
2004/10/20,0.78,0.78,0.77,0.76,130210,919328
2004/10/21,0.77,0.77,0.75,0.75,202480,1405025
2004/10/22,0.75,0.77,0.77,0.74,295302,2052725
2004/10/25,0.76,0.78,0.76,0.75,260300,1832427
2004/10/26,0.76,0.76,0.75,0.75,157900,1096605
2004/10/27,0.76,0.76,0.74,0.71,359981,2420828
2004/10/28,0.73,0.75,0.72,0.72,285059,1921455
2004/10/29,0.73,0.79,0.79,0.72,1182801,8419899
2004/11/1,0.79,0.8,0.76,0.76,443500,3172633
2004/11/2,0.76,0.78,0.77,0.76,178546,1255613
2004/11/3,0.77,0.81,0.8,0.77,402802,2917336
2004/11/4,0.8,0.8,0.78,0.76,252700,1796261
2004/11/5,0.77,0.78,0.77,0.76,163300,1156959
2004/11/8,0.77,0.78,0.78,0.77,148125,1057371
2004/11/9,0.78,0.8,0.79,0.78,289000,2091658
2004/11/10,0.79,0.82,0.8,0.78,503139,3695055
2004/11/11,0.8,0.85,0.81,0.8,698500,5273221
2004/11/12,0.81,0.88,0.84,0.81,915887,7111214
2004/11/15,0.82,0.86,0.84,0.82,413299,3188495
2004/11/16,0.82,0.84,0.82,0.81,475440,3575015
2004/11/17,0.82,0.82,0.8,0.78,206360,1510660
2004/11/18,0.8,0.84,0.83,0.8,479500,3610078
2004/11/19,0.82,0.83,0.83,0.81,203300,1535316
2004/11/22,0.81,0.82,0.81,0.8,335000,2491506
2004/11/23,0.81,0.81,0.79,0.79,324590,2367763
2004/11/24,0.79,0.86,0.85,0.79,1208620,9186743
2004/11/25,0.84,0.85,0.84,0.81,441488,3365535
2004/11/26,0.84,0.84,0.82,0.81,279000,2102119
2004/11/29,0.82,0.82,0.78,0.77,301902,2201703
2004/12/1,0.77,0.79,0.78,0.76,975679,6845402
2004/12/2,0.78,0.78,0.77,0.76,358461,2532940
2004/12/3,0.77,0.78,0.77,0.77,298600,2114440
2004/12/6,0.77,0.8,0.78,0.77,311700,2238449
2004/12/7,0.78,0.79,0.77,0.77,181557,1292512
2004/12/8,0.78,0.78,0.78,0.77,111730,791447
2004/12/9,0.78,0.79,0.78,0.78,225974,1621555
2004/12/10,0.78,0.79,0.77,0.77,142099,1018098
2004/12/13,0.77,0.78,0.77,0.75,171410,1202459
2004/12/14,0.77,0.77,0.77,0.76,75399,530787
2004/12/15,0.77,0.77,0.77,0.76,138400,967108
2004/12/16,0.77,0.79,0.77,0.77,305000,2187416
2004/12/17,0.78,0.78,0.78,0.77,84590,602687
2004/12/20,0.78,0.78,0.77,0.76,126200,886183
2004/12/21,0.77,0.77,0.77,0.76,158135,1106682
2004/12/22,0.77,0.78,0.77,0.74,375899,2627074
2004/12/23,0.77,0.78,0.77,0.76,1248162,8820741
2004/12/24,0.77,0.78,0.77,0.76,775003,5462982
2004/12/27,0.77,0.78,0.77,0.77,83300,589333
2004/12/28,0.77,0.78,0.76,0.76,115390,811429
2004/12/29,0.77,0.77,0.76,0.76,45899,323405
2004/12/30,0.77,0.77,0.77,0.76,72400,507417
2004/12/31,0.77,0.78,0.77,0.77,99361,701113
2005/1/4,0.77,0.77,0.76,0.76,43600,305203
2005/1/5,0.77,0.77,0.77,0.75,126799,888948
2005/1/6,0.77,0.77,0.76,0.75,89000,621707
2005/1/7,0.76,0.77,0.76,0.76,105100,736024
2005/1/10,0.76,0.77,0.76,0.76,39300,274625
2005/1/11,0.76,0.77,0.77,0.76,78200,549531
2005/1/12,0.77,0.77,0.76,0.76,62400,436341
2005/1/13,0.77,0.77,0.76,0.75,62725,436495
2005/1/14,0.76,0.76,0.75,0.75,83800,581949
2005/1/17,0.75,0.76,0.73,0.73,162200,1101667
2005/1/18,0.73,0.73,0.72,0.71,142550,940369
2005/1/19,0.72,0.72,0.72,0.72,141490,932987
2005/1/20,0.72,0.73,0.72,0.72,96000,633749
2005/1/21,0.72,0.72,0.72,0.72,105420,695729
2005/1/24,0.73,0.75,0.74,0.73,162166,1092021
2005/1/25,0.74,0.75,0.74,0.74,86900,594645
2005/1/26,0.74,0.75,0.74,0.74,81700,556281
2005/1/27,0.74,0.76,0.73,0.73,134700,924260
2005/1/28,0.73,0.74,0.74,0.73,77552,524071
2005/1/31,0.75,0.75,0.73,0.73,26900,182526
2005/2/1,0.74,0.75,0.74,0.73,75600,513524
2005/2/2,0.74,0.77,0.76,0.73,318600,2200312
2005/2/3,0.77,0.8,0.77,0.76,396500,2845155
2005/2/4,0.77,0.8,0.78,0.77,258827,1856929
2005/2/16,0.79,0.79,0.79,0.79,150000,1087177
2005/2/17,0.79,0.8,0.79,0.79,150800,1096198
2005/2/18,0.79,0.8,0.79,0.78,335700,2434155
2005/2/21,0.79,0.82,0.81,0.79,434828,3206289
2005/2/22,0.81,0.84,0.83,0.8,428792,3231057
2005/2/23,0.82,0.83,0.83,0.81,131327,984167
2005/2/24,0.82,0.87,0.85,0.81,766168,5955853
2005/2/25,0.85,0.86,0.83,0.83,366500,2836306
2005/2/28,0.83,0.84,0.82,0.81,162600,1229318
2005/3/1,0.82,0.84,0.84,0.82,328100,2499976
2005/3/2,0.83,0.84,0.81,0.8,514500,3868787
2005/3/3,0.81,0.82,0.81,0.79,222900,1643772
2005/3/4,0.82,0.82,0.8,0.79,247900,1831477
2005/3/7,0.8,0.82,0.81,0.8,251800,1868535
2005/3/8,0.81,0.85,0.84,0.8,525100,3997061
2005/3/9,0.83,0.83,0.82,0.81,385100,2885627
2005/3/10,0.81,0.82,0.79,0.79,402600,2974599
2005/3/11,0.79,0.8,0.8,0.78,212300,1544975
2005/3/14,0.8,0.82,0.81,0.78,230201,1696062
2005/3/15,0.8,0.81,0.79,0.78,378400,2751103
2005/3/16,0.79,0.81,0.79,0.78,378800,2761714
2005/3/17,0.79,0.8,0.78,0.78,239400,1731551
2005/3/18,0.78,0.79,0.78,0.76,558428,3947617
2005/3/21,0.78,0.78,0.76,0.75,188600,1314812
2005/3/22,0.76,0.76,0.74,0.73,146099,999415
2005/3/23,0.74,0.76,0.75,0.74,155800,1075508
2005/3/24,0.75,0.76,0.75,0.74,276600,1891871
2005/3/25,0.75,0.76,0.75,0.75,159702,1104243
2005/3/28,0.75,0.76,0.75,0.75,162548,1122520
2005/3/29,0.75,0.76,0.75,0.75,170420,1177199
2005/3/30,0.75,0.75,0.73,0.73,208900,1411775
2005/3/31,0.73,0.74,0.74,0.73,95500,644847
2005/4/1,0.74,0.8,0.77,0.74,411010,2865284
2005/4/4,0.77,0.77,0.76,0.75,149600,1042686
2005/4/5,0.76,0.76,0.75,0.75,165200,1147579
2005/4/6,0.75,0.77,0.77,0.74,305099,2117653
2005/4/7,0.76,0.78,0.78,0.76,303297,2154349
2005/4/8,0.77,0.79,0.79,0.76,180188,1279659
2005/4/11,0.78,0.8,0.8,0.78,174000,1262886
2005/4/12,0.79,0.8,0.78,0.78,113500,818870
2005/4/13,0.78,0.82,0.79,0.78,352100,2575951
2005/4/14,0.79,0.8,0.78,0.78,234100,1693239
2005/4/15,0.77,0.77,0.74,0.74,178700,1228605
2005/4/18,0.74,0.75,0.73,0.73,255852,1729314
2005/4/19,0.73,0.74,0.74,0.73,171200,1148874
2005/4/20,0.73,0.74,0.73,0.72,166624,1116491
2005/4/21,0.73,0.73,0.71,0.69,140640,923438
2005/4/22,0.72,0.72,0.72,0.7,138400,905124
2005/4/25,0.72,0.72,0.72,0.71,68900,454611
2005/4/26,0.77,0.77,0.75,0.74,275001,1895477
2005/4/27,0.75,0.76,0.74,0.74,143001,986487
2005/4/28,0.74,0.75,0.75,0.73,180800,1232934
2005/4/29,0.75,0.75,0.74,0.74,77780,531076
2005/5/9,0.75,0.75,0.74,0.73,56900,386682
2005/5/10,0.74,0.75,0.74,0.73,109600,744676
2005/5/11,0.74,0.76,0.76,0.74,116700,805212
2005/5/12,0.75,0.75,0.73,0.73,133700,906568
2005/5/13,0.73,0.74,0.73,0.73,73902,496308
2005/5/16,0.73,0.79,0.75,0.73,103000,709880
2005/5/17,0.75,0.78,0.76,0.75,160000,1132236
2005/5/18,0.76,0.82,0.8,0.76,591211,4348580
2005/5/19,0.8,0.82,0.81,0.79,682360,5037646
2005/5/20,0.84,0.84,0.81,0.8,465550,3479537
2005/5/23,0.81,0.82,0.8,0.79,496750,3655715
2005/5/24,0.79,0.81,0.8,0.79,304848,2234934
2005/5/25,0.8,0.82,0.77,0.76,452018,3275571
2005/5/26,0.77,0.77,0.73,0.73,410500,2812611
2005/5/30,0.73,0.73,0.71,0.67,327719,2070929
2005/5/31,0.69,0.77,0.7,0.69,145199,959763
2005/6/1,0.7,0.71,0.7,0.69,90273,577129
2005/6/2,0.7,0.7,0.69,0.69,52600,334224
2005/6/3,0.7,0.72,0.71,0.7,151691,983761
2005/6/6,0.71,0.73,0.72,0.71,171846,1125422
2005/6/7,0.72,0.73,0.71,0.71,203500,1340309
2005/6/8,0.71,0.78,0.76,0.71,484641,3333230
2005/6/9,0.76,0.77,0.74,0.74,420724,2907913
2005/6/10,0.74,0.79,0.78,0.74,756599,5369668
2005/6/13,0.77,0.77,0.75,0.74,149100,1033847
2005/6/14,0.76,0.8,0.76,0.76,425100,3016176
2005/6/15,0.76,0.8,0.75,0.75,604600,4305229
2005/6/16,0.76,0.76,0.75,0.7,258690,1727996
2005/6/17,0.76,0.76,0.75,0.73,115612,786464
2005/6/20,0.75,0.76,0.74,0.73,375099,2555313
2005/6/21,0.74,0.75,0.73,0.73,266101,1806676
2005/6/22,0.74,0.75,0.73,0.71,172837,643459
2005/6/23,0.73,0.73,0.71,0.68,531303,1905061
2005/6/24,0.71,0.73,0.72,0.7,309729,1129624
2005/6/27,0.72,0.75,0.73,0.71,754379,2814811
2005/6/28,0.73,0.73,0.71,0.71,171934,626898
2005/6/29,0.71,0.74,0.73,0.71,372171,1382404
2005/6/30,0.73,0.75,0.72,0.72,412996,1549265
2005/7/1,0.73,0.74,0.72,0.71,197601,726406
2005/7/4,0.72,0.72,0.72,0.69,231904,825523
2005/7/5,0.72,0.73,0.72,0.71,110848,404268
2005/7/6,0.71,0.72,0.7,0.7,106701,386295
2005/7/7,0.7,0.71,0.7,0.69,105161,373468
2005/7/8,0.7,0.7,0.68,0.67,303340,1049907
2005/7/11,0.68,0.69,0.67,0.67,113100,390953
2005/7/12,0.68,0.69,0.69,0.67,263628,915026
2005/7/13,0.69,0.71,0.69,0.68,244823,862492
2005/7/14,0.69,0.73,0.7,0.69,306162,1113432
2005/7/15,0.7,0.72,0.69,0.69,192928,695142
2005/7/18,0.68,0.69,0.66,0.66,82060,283100
2005/7/19,0.67,0.68,0.66,0.66,76220,258540
2005/7/20,0.67,0.68,0.66,0.65,120629,407352
2005/7/21,0.67,0.67,0.66,0.65,82860,277654
2005/7/22,0.66,0.67,0.66,0.66,157450,534246
2005/7/25,0.67,0.68,0.67,0.66,94100,320739
2005/7/26,0.67,0.68,0.68,0.67,202380,695990
2005/7/27,0.68,0.69,0.68,0.67,285610,993532
2005/7/28,0.69,0.73,0.7,0.68,478990,1735331
2005/7/29,0.69,0.73,0.71,0.69,591662,2147001
2005/8/1,0.71,0.73,0.71,0.7,474170,1729784
2005/8/2,0.71,0.71,0.71,0.7,253586,913065
2005/8/3,0.71,0.73,0.72,0.71,525100,1920529
2005/8/4,0.71,0.73,0.72,0.7,875826,3167857
2005/8/5,0.71,0.73,0.72,0.7,926040,3368411
2005/8/8,0.72,0.74,0.73,0.71,1309386,4847759
2005/8/9,0.72,0.76,0.76,0.72,2723886,10325291
2005/8/10,0.74,0.78,0.77,0.74,4207683,16387086
2005/8/11,0.76,0.77,0.75,0.74,2592515,9931447
2005/8/12,0.75,0.79,0.72,0.72,2169960,8353360
2005/8/15,0.72,0.73,0.73,0.69,1418998,5122167
2005/8/16,0.73,0.73,0.71,0.69,1570440,5694092
2005/8/17,0.71,0.73,0.72,0.71,1451360,5319057
2005/8/18,0.72,0.73,0.69,0.69,1341701,4856357
2005/8/19,0.68,0.71,0.67,0.67,695199,2410559
2005/8/22,0.67,0.68,0.68,0.67,542416,1871276
2005/8/23,0.68,0.68,0.68,0.67,291962,1005866
2005/8/24,0.68,0.7,0.68,0.68,323960,1133200
2005/8/25,0.69,0.7,0.7,0.68,513341,1808727
2005/8/26,0.7,0.7,0.7,0.7,500420,1779375
2005/8/29,0.7,0.71,0.7,0.69,429760,1535297
2005/8/30,0.7,0.7,0.68,0.67,391380,1355854
2005/8/31,0.68,0.69,0.68,0.68,594333,2063033
2005/9/1,0.68,0.73,0.72,0.68,1275217,4620265
2005/9/2,0.71,0.73,0.72,0.71,823720,3035639
2005/9/5,0.72,0.73,0.72,0.71,607500,2214100
2005/9/6,0.72,0.72,0.69,0.68,738599,2658444
2005/9/7,0.69,0.71,0.71,0.69,796438,2838964
2005/9/8,0.7,0.72,0.71,0.7,528120,1908938
2005/9/9,0.71,0.71,0.7,0.69,509320,1829884
2005/9/12,0.7,0.71,0.69,0.69,273759,969617
2005/9/13,0.7,0.71,0.71,0.7,702130,2518941
2005/9/14,0.71,0.73,0.73,0.71,1426207,5221477
2005/9/15,0.73,0.75,0.74,0.73,1868226,7016480
2005/9/16,0.73,0.74,0.73,0.73,1188740,4442040
2005/9/19,0.73,0.74,0.73,0.73,2079180,7716745
2005/9/20,0.73,0.73,0.73,0.71,1190379,4375092
2005/9/21,0.73,0.8,0.8,0.73,14049317,56144432
2005/9/22,0.8,0.83,0.81,0.77,12496747,51485021
2005/9/23,0.8,0.81,0.76,0.73,7067906,27255109
2005/9/26,0.75,0.75,0.74,0.72,2561032,9547773
2005/9/27,0.74,0.75,0.7,0.69,2797240,10326498
2005/9/28,0.7,0.72,0.7,0.69,2453143,8821739
2005/9/29,0.7,0.72,0.71,0.69,1489725,5331519
2005/9/30,0.71,0.71,0.7,0.69,1332920,4748929
2005/10/20,0.77,0.77,0.77,0.76,2170418,8485549
2005/10/21,0.8,0.8,0.75,0.74,4789586,18649203
2005/10/24,0.76,0.77,0.75,0.75,3383383,13062682
2005/10/25,0.75,0.78,0.73,0.73,1909800,7285425
2005/10/26,0.73,0.73,0.69,0.69,1226000,4438678
2005/10/27,0.69,0.71,0.69,0.69,704238,2490288
2005/10/28,0.69,0.7,0.69,0.66,1331967,4639600
2005/10/31,0.68,0.71,0.69,0.68,893914,3156267
2005/11/1,0.68,0.72,0.7,0.68,999385,3545658
2005/11/2,0.69,0.71,0.69,0.69,1400730,4963911
2005/11/3,0.69,0.69,0.67,0.66,1897599,6461999
2005/11/24,0.69,0.72,0.71,0.69,6181024,15376916
2005/11/25,0.7,0.71,0.7,0.7,2377841,5859409
2005/11/28,0.71,0.72,0.7,0.69,1767323,4370445
2005/11/29,0.7,0.71,0.7,0.69,1378052,3379847
2005/11/30,0.7,0.71,0.7,0.69,1581416,3876601
2005/12/1,0.69,0.7,0.69,0.69,2545919,6216977
2005/12/2,0.69,0.7,0.69,0.69,845243,2057373
2005/12/5,0.7,0.71,0.67,0.67,1184670,2858506
2005/12/6,0.67,0.68,0.66,0.66,1029575,2397453
2005/12/7,0.67,0.69,0.68,0.66,1320375,3140504
2005/12/8,0.67,0.68,0.66,0.66,460027,1077911
2005/12/9,0.66,0.68,0.68,0.66,670315,1576673
2005/12/12,0.68,0.68,0.67,0.67,762405,1806830
2005/12/13,0.68,0.68,0.67,0.66,568664,1342407
2005/12/14,0.67,0.68,0.67,0.66,789770,1858715
2005/12/15,0.67,0.67,0.67,0.66,999741,2341452
2005/12/16,0.67,0.68,0.68,0.67,1310085,3099384
2005/12/19,0.68,0.68,0.68,0.67,798959,1889538
2005/12/20,0.67,0.68,0.68,0.67,556481,1315303
2005/12/21,0.67,0.68,0.66,0.66,2193005,5120741
2005/12/22,0.66,0.71,0.71,0.66,3746800,9079346
2005/12/23,0.71,0.78,0.78,0.71,9088729,24104630
2005/12/26,0.77,0.79,0.77,0.76,4818466,13133178
2005/12/27,0.76,0.77,0.74,0.72,7331599,19112627
2005/12/28,0.74,0.74,0.74,0.72,2970905,7605580
2005/12/29,0.74,0.74,0.74,0.73,2568748,6610825
2006/1/4,0.74,0.75,0.72,0.7,2997071,7576204
2006/1/5,0.72,0.74,0.73,0.71,2894036,7313318
2006/1/6,0.73,0.75,0.74,0.72,4765737,12294033
2006/1/9,0.74,0.75,0.74,0.73,3799414,9829791
2006/1/10,0.74,0.75,0.75,0.72,4054569,10583790
2006/1/11,0.75,0.75,0.72,0.72,2760817,7088729
2006/1/12,0.72,0.74,0.74,0.72,1697124,4354437
2006/1/13,0.74,0.75,0.75,0.73,2519013,6537307
2006/1/16,0.75,0.77,0.74,0.74,4209986,11166977
2006/1/17,0.73,0.74,0.73,0.72,1818316,4635099
2006/1/18,0.73,0.75,0.74,0.72,2596835,6717297
2006/1/19,0.74,0.75,0.74,0.72,2407009,6212790
2006/1/20,0.74,0.74,0.74,0.73,1997020,5134496
2006/1/23,0.74,0.75,0.73,0.72,1999032,5111693
2006/1/24,0.73,0.73,0.72,0.72,1860920,4711396
2006/1/25,0.72,0.74,0.73,0.72,1310246,3349157
2006/2/6,0.74,0.74,0.74,0.73,2780131,7209009
2006/2/7,0.74,0.75,0.74,0.73,3183346,8265087
2006/2/8,0.74,0.78,0.77,0.74,6263336,16803493
2006/2/9,0.76,0.79,0.75,0.75,3806830,10191511
2006/2/10,0.75,0.76,0.75,0.74,2475650,6458840
2006/2/13,0.75,0.75,0.75,0.74,1573916,4099637
2006/2/14,0.75,0.75,0.74,0.74,2175131,5668603
2006/2/15,0.75,0.75,0.74,0.74,1622822,4213411
2006/2/16,0.74,0.74,0.71,0.7,2783768,7001289
2006/2/17,0.71,0.72,0.7,0.7,1292542,3197634
2006/2/20,0.7,0.72,0.7,0.7,755667,1874863
2006/2/21,0.7,0.72,0.71,0.7,983984,2443910
2006/2/22,0.71,0.74,0.72,0.71,1450008,3682359
2006/2/23,0.71,0.73,0.71,0.7,1213290,3033492
2006/2/24,0.71,0.72,0.71,0.7,1031804,2566590
2006/2/27,0.71,0.72,0.71,0.71,1627830,4071037
2006/2/28,0.71,0.71,0.7,0.69,1320295,3236781
2006/3/1,0.7,0.71,0.71,0.7,1247934,3081934
2006/3/2,0.71,0.71,0.69,0.69,1694593,4150377
2006/3/3,0.69,0.7,0.69,0.68,887089,2132604
2006/3/6,0.68,0.69,0.67,0.67,677600,1607527
2006/3/7,0.67,0.71,0.69,0.67,4241425,10338512
2006/3/8,0.69,0.7,0.68,0.67,1462850,3478768
2006/3/9,0.68,0.68,0.67,0.67,833670,1973313
2006/3/10,0.67,0.69,0.68,0.67,685505,1636896
2006/3/13,0.68,0.7,0.69,0.67,1049501,2511096
2006/3/14,0.69,0.69,0.67,0.66,1860039,4367966
2006/3/15,0.67,0.68,0.67,0.66,1599755,3752071
2006/3/16,0.67,0.68,0.67,0.66,1229181,2879052
2006/3/17,0.67,0.67,0.67,0.66,971749,2272357
2006/3/20,0.67,0.67,0.67,0.66,4944650,11529358
2006/3/21,0.67,0.74,0.74,0.67,34657020,89306706
2006/3/22,0.76,0.76,0.73,0.72,19043942,49352931
2006/3/23,0.73,0.73,0.72,0.7,9369849,23534505
2006/3/24,0.71,0.75,0.75,0.7,14215129,36566544
2006/3/27,0.74,0.76,0.73,0.72,6746234,17438561
2006/3/28,0.73,0.74,0.73,0.72,4863732,12450592
2006/3/29,0.73,0.75,0.73,0.72,5646429,14545208
2006/3/30,0.73,0.73,0.7,0.7,4915025,12321363
2006/3/31,0.7,0.71,0.69,0.68,5145849,12384669
2006/4/3,0.69,0.7,0.69,0.67,4274434,10247527
2006/4/4,0.69,0.69,0.69,0.68,3660922,8814776
2006/4/5,0.69,0.71,0.7,0.69,4548337,11199538
2006/4/6,0.7,0.71,0.69,0.68,4701043,11379136
2006/4/7,0.68,0.7,0.7,0.68,4683498,11363781
2006/4/10,0.7,0.72,0.72,0.69,8407508,20634396
2006/4/11,0.72,0.72,0.72,0.7,7049533,17629885
2006/4/12,0.72,0.73,0.72,0.71,5438097,13733006
2006/4/13,0.72,0.72,0.69,0.69,5756356,14218822
2006/4/14,0.69,0.72,0.71,0.68,4317770,10512580
2006/4/17,0.7,0.71,0.7,0.69,3679539,9037968
2006/4/18,0.69,0.72,0.7,0.69,2995355,7369972
2006/4/19,0.72,0.73,0.71,0.7,5520300,13810636
2006/4/20,0.71,0.71,0.68,0.68,4560420,11002965
2006/4/21,0.68,0.7,0.69,0.68,11550010,27912874
2006/4/24,0.73,0.76,0.76,0.72,37245546,98664887
2006/4/25,0.78,0.84,0.84,0.78,22657302,65037942
2006/4/27,0.8,0.84,0.78,0.74,20396900,56018697
2006/4/28,0.77,0.85,0.84,0.74,19504762,54566046
2006/5/8,0.85,0.9,0.86,0.82,21474478,64828696
2006/5/9,0.86,0.86,0.84,0.82,15701609,46020931
2006/5/10,0.84,0.93,0.93,0.81,27042233,84273725
2006/5/11,0.94,1.02,0.93,0.92,27690917,95353314
2006/5/12,0.92,0.99,0.97,0.89,17712000,59038375
2006/5/15,0.98,1.01,0.96,0.91,17698431,59582235
2006/5/16,0.96,0.96,0.87,0.87,17313022,54783007
2006/5/17,0.85,0.89,0.87,0.83,13297135,39867579
2006/5/18,0.86,0.86,0.85,0.83,6864845,20361549
2006/5/19,0.85,0.88,0.87,0.85,9626076,29339277
2006/5/22,0.87,0.93,0.91,0.87,11998616,38074620
2006/5/23,0.91,0.91,0.83,0.83,9939850,30283025
2006/5/24,0.83,0.86,0.82,0.8,6789301,19755601
2006/5/25,0.81,0.84,0.84,0.81,3877098,11286797
2006/5/26,0.85,0.85,0.84,0.83,4445564,13117007
2006/5/30,0.87,0.9,0.89,0.85,9033360,27506329
2006/5/31,0.89,0.89,0.86,0.85,6918113,21125997
2006/6/1,0.85,0.89,0.88,0.85,9254055,28504091
2006/6/2,0.88,0.95,0.92,0.88,19971557,64593461
2006/6/5,0.92,0.95,0.95,0.91,9006176,29408263
2006/6/6,0.96,0.97,0.91,0.91,8485961,27784643
2006/6/7,0.9,0.91,0.83,0.82,11183143,33528409
2006/6/8,0.85,0.92,0.92,0.84,26297695,82744142
2006/6/9,0.93,0.97,0.89,0.89,18133172,59339735
2006/6/12,0.89,0.89,0.86,0.83,6427655,19352588
2006/6/13,0.86,0.89,0.87,0.85,5026484,15225440
2006/6/14,0.87,0.87,0.83,0.82,4954501,14578311
2006/6/15,0.83,0.85,0.83,0.81,3979385,11646120
2006/6/16,0.83,0.86,0.86,0.83,3806335,11271552
2006/6/19,0.86,0.87,0.86,0.84,4076002,12221160
2006/6/20,0.86,0.86,0.85,0.84,3878107,11524861
2006/6/21,0.84,0.9,0.88,0.83,9093220,27902836
2006/6/22,0.88,0.91,0.91,0.87,11979104,37778181
2006/6/23,0.91,0.92,0.9,0.89,7783511,24758271
2006/6/26,0.91,0.92,0.91,0.9,7043224,22480687
2006/6/27,0.91,0.92,0.9,0.88,5202582,16349622
2006/6/28,0.9,0.91,0.91,0.88,6213478,19537523
2006/6/29,0.91,0.94,0.92,0.91,12220478,39909763
2006/7/3,0.99,1,0.97,0.96,18685899,63993257
2006/7/4,0.97,0.99,0.95,0.94,14039435,47434169
2006/7/5,0.95,0.97,0.96,0.92,7144183,23700647
2006/7/6,0.96,0.97,0.97,0.95,8075415,27322623
2006/7/7,0.97,0.98,0.93,0.93,8550414,28405380
2006/7/10,0.93,0.96,0.94,0.92,4312186,14228490
2006/7/11,0.94,0.95,0.94,0.93,4235665,13934871
2006/7/12,0.94,0.95,0.93,0.92,6469503,21171075
2006/7/13,0.92,0.93,0.84,0.83,12757560,38873218
2006/7/14,0.83,0.85,0.84,0.82,6169366,18134196
2006/7/17,0.83,0.85,0.85,0.83,4264865,12551999
2006/7/18,0.85,0.87,0.86,0.84,5301261,15896813
2006/7/19,0.86,0.86,0.83,0.82,4862376,14269053
2006/7/20,0.83,0.85,0.84,0.83,2218442,6531060
2006/7/21,0.84,0.87,0.85,0.83,4220890,12587678
2006/7/24,0.84,0.84,0.83,0.8,3284602,9496547
2006/7/25,0.83,0.85,0.85,0.83,3193523,9438502
2006/7/26,0.85,0.87,0.86,0.84,4651595,13918691
2006/7/27,0.86,0.87,0.84,0.83,4045682,12121987
2006/7/28,0.84,0.86,0.85,0.83,4733120,14013870
2006/7/31,0.84,0.85,0.8,0.8,5890656,16962597
2006/8/1,0.8,0.81,0.77,0.77,5772181,16083478
2006/8/2,0.77,0.78,0.77,0.76,6451793,17463242
2006/8/3,0.77,0.8,0.79,0.76,7044140,19119598
2006/8/4,0.77,0.81,0.74,0.74,6484827,17570026
2006/8/7,0.74,0.74,0.71,0.7,3741728,9462553
2006/8/8,0.71,0.74,0.74,0.71,3437850,8760232
2006/8/9,0.74,0.74,0.73,0.72,1823521,4660205
2006/8/10,0.73,0.75,0.74,0.72,2221012,5768850
2006/8/11,0.74,0.76,0.75,0.73,2823216,7367062
2006/8/14,0.76,0.76,0.72,0.71,2746183,7017145
2006/8/15,0.73,0.74,0.73,0.72,2021987,5167855
2006/8/16,0.73,0.76,0.76,0.72,3628165,9493733
2006/8/17,0.75,0.77,0.77,0.74,5355710,14222934
2006/8/18,0.77,0.79,0.76,0.76,5691755,15447206
2006/8/21,0.74,0.76,0.75,0.73,4638313,12120293
2006/8/22,0.75,0.79,0.78,0.75,5986568,16246184
2006/8/23,0.78,0.8,0.78,0.77,7135382,19715089
2006/8/24,0.78,0.8,0.79,0.77,6486850,17922680
2006/8/25,0.8,0.81,0.78,0.78,5406229,15161084
2006/8/28,0.8,0.81,0.81,0.79,4208322,11842662
2006/8/29,0.8,0.81,0.79,0.79,5130900,14476422
2006/8/30,0.79,0.79,0.79,0.78,2901330,8040943
2006/9/1,0.79,0.8,0.77,0.77,3904600,10775321
2006/9/4,0.77,0.78,0.78,0.76,2649796,7217631
2006/9/5,0.78,0.8,0.79,0.77,4222834,11614422
2006/9/6,0.8,0.81,0.81,0.79,7257893,20527497
2006/9/7,0.81,0.81,0.79,0.78,3659615,10198395
2006/9/8,0.79,0.81,0.8,0.79,2647786,7435888
2006/9/11,0.8,0.8,0.8,0.78,2279473,6346729
2006/9/12,0.79,0.8,0.79,0.79,1970874,5517788
2006/9/13,0.8,0.81,0.79,0.78,2252190,6280790
2006/9/14,0.78,0.79,0.78,0.77,2908995,7953167
2006/9/15,0.78,0.8,0.79,0.78,2716099,7558645
2006/9/18,0.79,0.87,0.87,0.78,19716361,58766711
2006/9/20,0.89,0.92,0.92,0.88,16904321,53903448
2006/9/21,0.93,0.93,0.91,0.89,13006894,41269440
2006/9/26,0.99,0.99,0.95,0.95,16403940,55886050
2006/9/27,0.97,0.98,0.96,0.94,10836829,36471518
2006/9/28,0.96,0.97,0.96,0.93,7750072,25835123
2006/9/29,0.96,0.99,0.97,0.95,10884325,37127585
2006/10/9,0.97,0.98,0.97,0.95,8800648,29756902
2006/10/10,0.97,1.02,1,0.96,12729590,44403752
2006/10/11,1.01,1.09,1.05,1,15891900,58660784
2006/10/12,1.05,1.06,1.01,1,10546942,38160699
2006/10/16,1.01,1.04,0.92,0.91,15530476,52161447
2006/10/17,0.92,1.01,1.01,0.89,20736884,68536968
2006/10/18,1,1.02,1,0.97,12377024,43412231
2006/10/19,1,1.06,1.03,0.98,12205583,43945146
2006/10/20,1.02,1.09,1.05,1.02,13053717,48539543
2006/10/23,1.05,1.11,1.01,1.01,14093992,52325083
2006/10/24,1.03,1.08,1.06,1,10064107,36805845
2006/10/25,1.06,1.08,1.04,1.03,10011553,36935973
2006/10/26,1.04,1.07,1.03,1.02,8020410,29358801
2006/10/27,1.02,1.02,0.96,0.95,10208779,34813375
2006/10/30,0.96,0.98,0.95,0.92,8191945,27085055
2006/10/31,0.95,0.99,0.98,0.94,5845338,20014885
2006/11/1,0.98,0.99,0.98,0.96,3389560,11638795
2006/11/2,0.98,0.98,0.95,0.93,5880310,19570825
2006/11/3,0.95,0.95,0.95,0.93,6000861,19766868
2006/11/6,0.95,1.03,1.03,0.94,11984351,42096729
2006/11/7,1.01,1.04,1,0.99,6579991,23280693
2006/11/8,1.01,1.01,0.99,0.96,5419988,18676587
2006/11/9,0.98,1,0.99,0.96,4559233,15801221
2006/11/10,0.99,1,0.99,0.95,7248380,24645416
2006/11/13,0.98,0.98,0.96,0.93,6467678,21628836
2006/11/14,0.95,0.96,0.93,0.9,8541299,27692297
2006/11/15,0.93,0.96,0.95,0.91,6388721,20966085
2006/11/16,0.94,0.95,0.92,0.92,4692021,15332763
2006/11/17,0.92,0.95,0.93,0.9,6347810,20538086
2006/11/20,0.93,0.94,0.93,0.91,4858965,15704915
2006/11/21,0.93,0.93,0.9,0.88,10129663,31828555
2006/11/22,0.9,0.92,0.91,0.9,9492289,30267404
2006/11/23,0.91,0.93,0.91,0.9,6961929,22352720
2006/11/27,0.91,0.96,0.95,0.91,11255662,37104500
2006/11/28,0.94,0.97,0.95,0.93,6349087,21180570
2006/11/29,0.93,0.95,0.95,0.91,6989194,22966198
2006/11/30,0.96,0.97,0.96,0.94,10329523,34637843
2006/12/1,0.96,1.01,0.99,0.95,16323587,56548049
2006/12/4,0.99,1.03,1.01,0.97,11546678,40751677
2006/12/5,1,1.01,0.99,0.98,9724410,33830056
2006/12/6,0.99,0.99,0.96,0.93,11462173,38593086
2006/12/7,0.94,0.97,0.94,0.93,12004838,39973054
2006/12/8,0.93,0.94,0.9,0.9,7042719,22589285
2006/12/11,0.89,0.93,0.93,0.89,3952865,12630227
2006/12/12,0.93,0.93,0.91,0.9,4339543,13849950
2006/12/13,0.91,0.92,0.91,0.9,3605019,11546609
2006/12/14,0.93,0.97,0.96,0.91,8974746,29584562
2006/12/15,0.96,0.98,0.95,0.95,7088910,23960872
2006/12/18,0.96,1,0.99,0.95,12522680,42671680
2006/12/19,0.99,0.99,0.98,0.95,9847858,33550436
2006/12/20,0.97,1.01,1,0.96,12645078,43808851
2006/12/21,1,1.02,0.97,0.97,11920508,41671259
2006/12/22,0.97,0.97,0.95,0.94,7165671,23999336
2006/12/25,0.95,0.99,0.97,0.95,6898012,23505773
2006/12/26,0.98,0.98,0.96,0.93,5184057,17413879
2006/12/27,0.95,0.96,0.94,0.93,5527246,18302908
2006/12/28,0.94,0.95,0.91,0.91,6843587,22155958
2007/1/4,0.93,0.96,0.92,0.91,7326375,24120833
2007/1/5,0.92,0.95,0.95,0.92,4416252,14564117
2007/1/8,0.95,1.01,1,0.94,12032721,41730811
2007/1/9,1,1.03,1.01,0.99,14148855,50349338
2007/1/10,1.01,1.11,1.08,1,20650002,76835108
2007/1/11,1.07,1.12,1.06,1.06,21471335,81853535
2007/1/15,1.09,1.19,1.18,1.09,22965612,92862741
2007/1/16,1.19,1.21,1.17,1.15,15948348,65335325
2007/1/17,1.19,1.19,1.13,1.09,18096432,72832319
2007/1/18,1.13,1.17,1.16,1.09,12806731,50654449
2007/1/19,1.16,1.2,1.18,1.16,14100264,58385938
2007/1/22,1.2,1.29,1.27,1.19,14690811,64457697
2007/1/24,1.32,1.36,1.33,1.3,11404423,53374829
2007/1/25,1.32,1.32,1.21,1.2,15182378,66916973
2007/1/26,1.17,1.23,1.23,1.13,12611140,52431166
2007/1/29,1.24,1.29,1.27,1.23,12205581,53939851
2007/1/30,1.3,1.3,1.23,1.21,12379387,53872526
2007/1/31,1.22,1.32,1.2,1.2,16470318,72885696
2007/2/1,1.2,1.25,1.23,1.15,12154981,51420215
2007/2/2,1.23,1.27,1.26,1.2,15606414,68200673
2007/2/5,1.28,1.32,1.31,1.26,17932030,81599009
2007/2/6,1.34,1.34,1.31,1.28,11293806,52145602
2007/2/7,1.31,1.34,1.32,1.29,11234621,51810924
2007/2/9,1.34,1.39,1.34,1.32,14462857,68992197
2007/2/12,1.35,1.41,1.4,1.32,11484935,54806018
2007/2/13,1.41,1.41,1.38,1.36,8763484,42450540
2007/2/14,1.39,1.42,1.4,1.38,9382067,46088780
2007/2/15,1.4,1.45,1.45,1.38,13380663,66472934
2007/2/16,1.45,1.5,1.45,1.43,10299930,52924657
2007/2/26,1.46,1.57,1.56,1.43,9723585,50969027
2007/2/28,1.36,1.5,1.49,1.36,14155338,71551020
2007/3/1,1.49,1.5,1.4,1.36,13798430,68958578
2007/3/2,1.4,1.48,1.46,1.4,10399832,52825892
2007/3/5,1.46,1.49,1.44,1.38,10421817,52503730
2007/3/6,1.44,1.48,1.48,1.39,10474970,53123015
2007/3/15,1.78,1.85,1.79,1.77,11042126,69776600
2007/3/16,1.81,1.82,1.73,1.7,11759087,72343088
2007/3/19,1.65,1.76,1.72,1.62,9822134,58956617
2007/3/20,1.72,1.79,1.78,1.72,9213816,57088477
2007/3/30,1.85,1.92,1.9,1.85,9987078,65730946
2007/4/2,1.9,1.98,1.98,1.87,11574397,78901844
2007/4/4,2.09,2.09,2.05,2.04,12320054,89146386
2007/4/5,2.05,2.13,2.11,2.04,12886155,95163988
2007/4/6,2.08,2.17,2.11,2.05,11327420,84439421
2007/6/4,2.08,2.18,2.05,2.05,3598000,26195594
2007/6/15,2.05,2.09,2.04,1.97,13250311,94256680
2007/6/21,2.05,2.11,2.09,1.97,11100224,79349748
2007/6/22,2.1,2.1,1.88,1.88,10739505,74128346
2007/6/25,1.9,1.9,1.69,1.69,11386780,69725397
2007/6/26,1.62,1.67,1.66,1.52,12425233,69012573
2007/6/27,1.65,1.83,1.83,1.62,13964117,84802374
2007/6/29,1.53,1.65,1.58,1.48,9702442,52920609
2007/7/2,1.56,1.7,1.68,1.56,7840951,44257514
2007/7/3,1.66,1.67,1.62,1.58,5518989,31487500
2007/7/4,1.62,1.63,1.54,1.53,4339857,23961572
2007/7/5,1.48,1.53,1.39,1.39,5476361,27917072
2007/7/6,1.37,1.52,1.5,1.37,7231766,36767310
2007/7/9,1.51,1.58,1.55,1.48,7058937,38066495
2007/7/10,1.55,1.56,1.49,1.47,5674408,29980634
2007/7/11,1.45,1.54,1.52,1.45,3557683,18777974
2007/7/12,1.52,1.56,1.52,1.5,4085915,21851588
2007/7/13,1.5,1.52,1.49,1.46,3162600,16450339
2007/7/16,1.47,1.5,1.42,1.41,3444155,17355272
2007/7/17,1.42,1.48,1.47,1.42,3364938,17225758
2007/7/18,1.48,1.49,1.47,1.44,2864475,14760783
2007/7/19,1.47,1.5,1.48,1.44,2486378,12878602
2007/7/20,1.48,1.58,1.56,1.48,7271913,39235501
2007/7/23,1.56,1.66,1.63,1.55,9253329,52199253
2007/7/24,1.62,1.7,1.64,1.6,9241516,53534902
2007/7/25,1.65,1.72,1.71,1.64,7709682,45307352
2007/7/26,1.72,1.81,1.77,1.72,10515074,64961899
2007/7/27,1.75,1.86,1.82,1.71,9929330,61931508
2007/7/30,1.82,1.86,1.83,1.8,9104761,58551322
2007/7/31,1.82,1.94,1.9,1.75,13618908,88672642
2007/8/1,1.91,1.93,1.72,1.71,12936857,82933211
2007/8/2,1.72,1.82,1.79,1.7,7998237,49433432
2007/8/3,1.79,1.82,1.75,1.74,7683290,47842929
2007/8/6,1.76,1.82,1.82,1.73,9056935,56345405
2007/8/7,1.79,1.81,1.76,1.74,8206492,51000709
2007/8/8,1.74,1.75,1.71,1.67,7021889,42080290
2007/8/9,1.7,1.75,1.72,1.7,4989796,30275387
2007/8/10,1.72,1.75,1.68,1.63,5797684,34391967
2007/8/13,1.67,1.75,1.75,1.66,6820809,40731141
2007/8/14,1.77,1.81,1.8,1.75,11095569,69784470
2007/8/15,1.79,1.82,1.74,1.7,6874672,42352391
2007/8/16,1.73,1.79,1.79,1.7,5896304,36220006
2007/8/17,1.76,1.85,1.78,1.76,9275307,58936459
2007/8/20,1.82,1.88,1.86,1.79,11136669,71825265
2007/8/21,1.86,1.95,1.94,1.83,13264026,88664874
2007/8/23,2.04,2.05,1.97,1.95,10282865,71406416
2007/8/24,1.98,1.99,1.96,1.93,9525229,65055745
2007/8/27,1.98,1.99,1.9,1.88,8498286,57350178
2007/8/28,1.89,1.99,1.99,1.85,12041271,81378813
2007/8/29,1.97,1.98,1.91,1.9,6263114,42477591
2007/8/30,1.91,1.99,1.99,1.9,8763461,60122750
2007/8/31,2.02,2.1,2.03,1.99,11840471,84863070
2007/9/3,2.11,2.16,2.09,2.05,12112471,89454406
2007/12/14,3.1,3.1,2.54,2.54,1666400,14864484
2007/12/20,2.38,2.5,2.42,2.37,11263794,96724082
2007/12/28,2.5,2.51,2.41,2.41,9299298,79668658
2008/1/10,2.72,2.75,2.64,2.62,10198565,95673133
2008/1/11,2.65,2.68,2.54,2.49,9135647,81736529
2008/1/14,2.51,2.59,2.54,2.45,7055087,62091533
2008/1/15,2.52,2.63,2.56,2.5,8067890,72394927
2008/1/16,2.53,2.58,2.48,2.48,5653689,50042856
2008/1/17,2.47,2.52,2.33,2.28,6461519,54484240
2008/1/18,2.32,2.38,2.37,2.31,3137919,25898667
2008/1/21,2.38,2.45,2.35,2.28,4721024,39849300
2008/1/22,2.28,2.32,2.11,2.11,6284888,47517830
2008/1/23,2.1,2.19,2.17,2.02,5296259,39542489
2008/1/24,2.17,2.38,2.38,2.17,7186881,58680680
2008/1/25,2.39,2.47,2.39,2.33,6339188,53337885
2008/1/28,2.36,2.36,2.15,2.15,4764741,37084723
2008/1/29,2.15,2.28,2.24,2.13,2985495,23230362
2008/1/30,2.15,2.17,2.09,2.02,9822122,72648390
2008/1/31,2.07,2.09,1.89,1.88,9534811,65162912
2008/2/1,1.86,1.88,1.72,1.7,6285033,38565442
2008/2/4,1.82,1.89,1.89,1.8,4996288,32736872
2008/2/5,1.92,2.04,2.01,1.89,7695837,53290891
2008/2/13,1.99,2.02,1.97,1.89,2323188,16077682
2008/2/14,1.99,2.03,2,1.97,1534391,10771416
2008/2/15,1.99,2.01,2,1.9,2579825,17651346
2008/2/18,2.02,2.08,2.03,1.99,2974048,21189743
2008/2/19,2.05,2.13,2.1,2.01,3248668,23602380
2008/2/20,2.11,2.31,2.31,2.01,8512999,66373636
2008/2/22,2.34,2.45,2.37,2.31,8152090,67678704
2008/2/26,2.48,2.52,2.4,2.28,9014143,76131757
2008/2/27,2.4,2.46,2.4,2.34,5015314,42206188
2008/2/28,2.42,2.42,2.37,2.34,4600471,38248973
2008/2/29,2.37,2.4,2.36,2.33,4255144,35178124
2008/3/3,2.33,2.51,2.49,2.3,9798424,83301749
2008/3/4,2.48,2.5,2.41,2.41,11497628,99135564
2008/3/5,2.42,2.42,2.37,2.31,4377531,36391306
2008/3/6,2.39,2.54,2.46,2.36,8942292,77311231
2008/3/7,2.45,2.51,2.46,2.4,8471730,73544191
2008/3/17,2.18,2.25,2.01,2.01,10596457,78299264
2008/3/18,1.91,2.09,1.99,1.83,8000233,55132578
2008/3/19,2.04,2.13,2.1,1.97,6894419,49958331
2008/3/20,2.05,2.19,2.15,1.94,7990330,58245025
2008/3/21,2.15,2.2,2.14,2.09,5108541,38543940
2008/3/24,2.17,2.2,2.15,2.12,4818889,36595663
2008/3/25,2.11,2.25,2.23,2,5712889,42607286
2008/3/26,2.21,2.27,2.19,2.14,4044922,31100324
2008/3/27,2.14,2.16,2.05,2.02,3786073,27793210
2008/3/28,2.03,2.16,2.13,1.99,3844015,28042683
2008/3/31,2.11,2.11,1.92,1.92,4946894,35006155
2008/4/1,1.88,1.94,1.73,1.73,7489907,46460479
2008/4/2,1.73,1.78,1.56,1.55,5280043,30044143
2008/4/3,1.54,1.62,1.58,1.44,2743969,14945701
2008/4/7,1.57,1.72,1.72,1.57,3604452,21267269
2008/4/8,1.74,1.75,1.73,1.69,3413361,20647938
2008/4/9,1.73,1.73,1.6,1.58,3113582,18224640
2008/4/10,1.56,1.62,1.61,1.53,2428122,13492767
2008/4/11,1.62,1.71,1.66,1.6,2919890,17053186
2008/4/14,1.61,1.64,1.5,1.5,3378044,18279129
2008/4/15,1.51,1.53,1.52,1.38,3373611,17233363
2008/4/16,1.53,1.53,1.43,1.43,2228728,11447182
2008/4/17,1.45,1.47,1.36,1.33,2595828,12719608
2008/4/18,1.36,1.42,1.33,1.27,2682873,12723246
2008/4/21,1.46,1.46,1.33,1.28,3093935,15138639
2008/4/22,1.29,1.34,1.28,1.2,2983749,13176996
2008/4/23,1.28,1.36,1.34,1.24,2982673,13659401
2008/4/24,1.45,1.47,1.46,1.4,7952045,40304509
2008/4/25,1.42,1.52,1.43,1.41,8491277,43715031
2008/4/29,1.36,1.45,1.44,1.36,9720743,47492983
2008/4/30,1.41,1.51,1.51,1.4,9919944,51804343
2008/5/5,1.53,1.56,1.55,1.49,6601302,35373454
2008/5/6,1.54,1.56,1.53,1.49,5671316,30151220
2008/5/7,1.54,1.6,1.53,1.5,7494711,40985953
2008/5/8,1.5,1.53,1.52,1.46,4139334,21745723
2008/5/9,1.53,1.55,1.54,1.5,4340594,23184557
2008/5/12,1.53,1.62,1.58,1.53,6450243,35962180
2008/5/13,1.54,1.59,1.56,1.5,5381107,29014171
2008/5/14,1.54,1.58,1.57,1.5,4682185,25527579
2008/5/15,1.57,1.62,1.58,1.56,3019955,16844673
2008/5/16,1.58,1.58,1.54,1.53,2091698,11413969
2008/5/19,1.57,1.59,1.55,1.54,1583150,8686874
2008/5/20,1.55,1.59,1.48,1.48,3168633,17055480
2008/5/22,1.53,1.53,1.48,1.45,2204718,11518795
2008/5/23,1.42,1.48,1.4,1.4,4007238,19915510
2008/5/26,1.39,1.44,1.41,1.38,1422167,7037344
2008/5/27,1.4,1.46,1.45,1.4,1333799,6697061
2008/5/28,1.45,1.46,1.45,1.39,1510217,7631762
2008/5/29,1.45,1.47,1.4,1.4,2262151,11299972
2008/5/30,1.39,1.43,1.4,1.37,1414460,6976141
2008/6/2,1.4,1.48,1.45,1.39,2749221,13823676
2008/6/3,1.44,1.48,1.46,1.44,1473770,7531431
2008/6/4,1.46,1.46,1.41,1.4,1285497,6388874
2008/6/5,1.4,1.43,1.4,1.38,935083,4614750
2008/6/6,1.4,1.43,1.4,1.38,856590,4239611
2008/6/10,1.35,1.35,1.33,1.33,749179,3508615
2008/6/11,1.27,1.28,1.27,1.27,2475016,11000556
2008/6/12,1.25,1.28,1.21,1.21,1786912,7656968
2008/6/13,1.21,1.25,1.2,1.15,1813104,7598649
2008/6/16,1.18,1.26,1.25,1.18,3974368,17362985
2008/6/17,1.23,1.3,1.21,1.19,3808511,16784234
2008/6/18,1.2,1.26,1.22,1.15,3421896,14548739
2008/6/19,1.22,1.22,1.16,1.16,2390941,9840700
2008/6/20,1.16,1.19,1.11,1.11,2788810,11149340
2008/6/23,1.11,1.11,1.05,1.05,2415201,8963007
2008/6/24,1.03,1.06,1.04,1,3403143,12156058
2008/6/26,1.09,1.09,1.09,1.09,497680,1906114
2008/6/27,1.13,1.13,1.11,1.08,3336015,12970837
2008/6/30,1.06,1.17,1.17,1.06,4012497,16251332
2008/7/1,1.2,1.22,1.15,1.11,1732151,6934375
2008/7/2,1.13,1.17,1.15,1.13,689733,2771725
2008/7/3,1.15,1.19,1.17,1.11,1200885,4910538
2008/7/4,1.15,1.21,1.19,1.14,1156087,4804100
2008/7/7,1.17,1.25,1.25,1.17,1894816,8272524
2008/7/8,1.3,1.31,1.29,1.25,2485521,11294289
2008/7/9,1.28,1.32,1.29,1.28,2273289,10305853
2008/7/10,1.3,1.35,1.29,1.28,2121628,9829748
2008/7/11,1.29,1.32,1.32,1.25,1484829,6736218
2008/7/14,1.32,1.34,1.3,1.28,1781818,8156620
2008/7/15,1.3,1.33,1.26,1.25,1130319,5072750
2008/7/17,1.25,1.25,1.2,1.2,1542899,6563265
2008/7/18,1.2,1.2,1.18,1.14,1791852,7236701
2008/7/21,1.18,1.23,1.23,1.17,1071537,4566264
2008/7/22,1.24,1.26,1.23,1.18,906820,3920490
2008/7/23,1.22,1.25,1.23,1.22,726799,3135323
2008/7/24,1.24,1.25,1.23,1.2,1989216,8510629
2008/7/25,1.23,1.26,1.25,1.2,1433480,6208859
2008/7/28,1.24,1.27,1.26,1.24,1298587,5720982
2008/7/29,1.25,1.25,1.22,1.19,1078079,4582227
2008/7/30,1.21,1.23,1.21,1.18,844721,3556841
2008/7/31,1.2,1.2,1.15,1.15,1126123,4575976
2008/8/1,1.15,1.15,1.13,1.09,878583,3454732
2008/8/4,1.12,1.15,1.13,1.11,435000,1730179
2008/8/5,1.13,1.14,1.11,1.1,347572,1366557
2008/8/6,1.11,1.13,1.11,1.1,268788,1049529
2008/8/7,1.13,1.15,1.15,1.11,553458,2216421
2008/8/8,1.16,1.16,1.09,1.09,880700,3402603
2008/8/11,1.11,1.14,1.03,1.03,341100,1254495
2008/8/12,0.99,1,0.98,0.98,710700,2456268
2008/8/13,0.94,0.97,0.94,0.93,447109,1480065
2008/8/14,0.94,0.97,0.94,0.93,563500,1868975
2008/8/15,0.95,0.99,0.99,0.9,790152,2656569
2008/8/18,0.99,1.01,0.94,0.94,553100,1866924
2008/8/19,0.9,0.98,0.97,0.9,1056058,3530967
2008/8/20,0.93,1.02,1.01,0.93,1679745,5893587
2008/8/21,1,1.02,1,0.97,842801,2948956
2008/8/22,1,1.01,0.98,0.95,493788,1690443
2008/8/25,0.98,1.01,0.99,0.94,561406,1939720
2008/8/26,0.97,0.99,0.96,0.95,853936,2878232
2008/8/27,0.96,0.97,0.95,0.93,367104,1228658
2008/8/28,0.97,0.97,0.94,0.91,1277823,4207295
2008/8/29,0.94,0.96,0.95,0.92,682733,2273251
2008/9/1,0.93,0.96,0.94,0.91,585666,1933839
2008/9/2,0.94,0.94,0.89,0.89,1039890,3287640
2008/9/3,0.88,0.89,0.86,0.85,1105650,3336262
2008/9/4,0.85,0.89,0.88,0.83,648137,1935349
2008/9/8,0.83,0.86,0.83,0.83,701800,2071915
2008/9/9,0.81,0.83,0.8,0.79,753690,2124984
2008/9/10,0.81,0.83,0.83,0.79,698598,1985267
2008/9/11,0.8,0.82,0.79,0.79,449400,1252057
2008/9/12,0.78,0.78,0.76,0.75,3773269,9929006
2008/9/16,0.76,0.76,0.73,0.73,625300,1597996
2008/9/17,0.69,0.73,0.69,0.69,1635656,4005479
2008/9/18,0.66,0.67,0.66,0.66,899000,2078205
2008/9/19,0.69,0.69,0.69,0.68,9628136,23338446
2008/9/22,0.7,0.73,0.7,0.66,8187555,19995998
2008/9/23,0.67,0.67,0.66,0.66,1149600,2670344
2008/9/24,0.63,0.65,0.63,0.63,4687300,10354248
2008/9/25,0.63,0.66,0.66,0.63,5214914,12003540
2008/9/26,0.7,0.7,0.7,0.68,2225548,5426239
2008/10/6,0.71,0.73,0.73,0.66,5111307,12750054
2008/10/7,0.72,0.74,0.73,0.7,1161767,2952745
2008/10/8,0.72,0.73,0.72,0.69,1766500,4366923
2008/10/9,0.72,0.73,0.7,0.7,847800,2104625
2008/10/10,0.68,0.68,0.67,0.67,998208,2337378
2008/10/13,0.64,0.7,0.7,0.63,3492000,8246240
2008/10/14,0.71,0.72,0.69,0.67,1633002,3954841
2008/10/15,0.67,0.71,0.7,0.67,1218912,2969143
2008/10/16,0.67,0.73,0.69,0.67,3902039,9649381
2008/10/17,0.68,0.7,0.68,0.66,2602808,6124580
2008/10/20,0.69,0.69,0.68,0.67,1202469,2881306
2008/10/21,0.68,0.69,0.68,0.67,900902,2153180
2008/10/22,0.68,0.68,0.68,0.66,512241,1216088
2008/10/23,0.67,0.71,0.71,0.66,9393930,22817172
2008/10/24,0.7,0.75,0.75,0.7,10538510,27382060
2008/11/26,0.79,0.79,0.79,0.79,65399,180501
2008/11/27,0.83,0.83,0.83,0.83,579650,1680985
2008/11/28,0.87,0.87,0.79,0.79,15845688,45441800
2008/12/3,0.82,0.83,0.79,0.75,13527097,37558804
2008/12/4,0.78,0.8,0.78,0.76,10869318,29822968
2008/12/5,0.77,0.82,0.79,0.77,8182034,22946852
2008/12/8,0.78,0.83,0.83,0.78,13059474,37662584
2008/12/9,0.84,0.86,0.85,0.79,11958254,34553952
2008/12/10,0.84,0.87,0.86,0.82,14665164,43488768
2008/12/11,0.86,0.9,0.86,0.84,10803747,33194598
2008/12/15,0.82,0.83,0.82,0.82,2223900,6393711
2008/12/16,0.78,0.79,0.78,0.78,4788037,13105213
2008/12/17,0.78,0.79,0.77,0.76,6967443,18983708
2008/12/18,0.78,0.81,0.81,0.78,3109136,8769053
2008/12/19,0.84,0.85,0.81,0.8,10833693,31614390
2008/12/22,0.8,0.81,0.79,0.77,5261330,14469201
2008/12/23,0.79,0.82,0.76,0.76,5421411,14867470
2008/12/24,0.73,0.75,0.73,0.72,5624092,14216689
2008/12/26,0.69,0.72,0.69,0.69,9126799,22215896
2008/12/29,0.67,0.68,0.66,0.66,5817638,13436449
2008/12/30,0.66,0.69,0.69,0.64,6920799,16396110
2008/12/31,0.7,0.72,0.68,0.66,11384527,27518932
2009/1/5,0.68,0.68,0.67,0.65,5466732,12782775
2009/1/6,0.67,0.69,0.68,0.65,9486712,22327130
2009/1/7,0.68,0.7,0.7,0.67,10082559,24283564
2009/1/8,0.68,0.7,0.66,0.66,8312392,19650296
2009/1/9,0.65,0.68,0.67,0.65,5305852,12403172
2009/1/12,0.67,0.69,0.66,0.66,6121906,14421882
2009/1/13,0.66,0.67,0.63,0.63,12731065,28530420
2009/1/15,0.64,0.66,0.66,0.64,13742897,31822770
2009/1/16,0.68,0.68,0.67,0.66,13486915,31759198
2009/1/19,0.67,0.7,0.7,0.67,15506096,37439244
2009/1/20,0.71,0.72,0.7,0.68,10720307,26318496
2009/1/21,0.69,0.7,0.68,0.68,6252440,15154424
2009/1/22,0.68,0.68,0.67,0.65,12896188,29866280
2009/1/23,0.66,0.68,0.67,0.65,8239192,19197668
2009/2/2,0.66,0.7,0.69,0.66,11100649,26591024
2009/2/3,0.69,0.71,0.71,0.68,12185165,29939528
2009/2/4,0.71,0.74,0.74,0.71,12391514,31453652
2009/2/5,0.75,0.76,0.74,0.73,15424947,40351688
2009/2/6,0.73,0.77,0.77,0.73,18409840,49519264
2009/2/9,0.8,0.81,0.8,0.78,17200018,48249592
2009/2/10,0.8,0.84,0.84,0.77,16354800,46015952
2009/2/11,0.83,0.87,0.83,0.8,13986013,41538240
2009/2/12,0.83,0.85,0.84,0.8,12181195,35361640
2009/2/13,0.83,0.87,0.86,0.83,13743534,41215952
2009/2/16,0.87,0.9,0.9,0.86,15292543,47809076
2009/2/17,0.92,0.95,0.86,0.85,18852216,59871116
2009/2/18,0.82,0.85,0.81,0.81,11945868,34526424
2009/2/19,0.79,0.82,0.8,0.78,8214563,23033202
2009/2/20,0.81,0.84,0.84,0.79,8920965,25658516
2009/2/23,0.85,0.88,0.87,0.84,8786620,26546814
2009/2/24,0.86,0.87,0.83,0.83,9733775,28747176
2009/2/25,0.82,0.83,0.8,0.79,11671477,32730112
2009/2/26,0.8,0.84,0.84,0.8,15792748,46602784
2009/2/27,0.85,0.89,0.89,0.84,6520199,20047792
2009/3/2,0.93,0.93,0.93,0.89,5469423,17858652
2009/3/3,0.95,0.95,0.89,0.89,22883552,72208960
2009/3/4,0.84,0.92,0.9,0.84,21383654,65823256
2009/3/5,0.9,0.92,0.87,0.86,16871136,52508500
2009/3/6,0.84,0.91,0.86,0.84,14375042,44406080
2009/3/9,0.82,0.86,0.82,0.82,19597328,56896968
2009/3/10,0.79,0.83,0.81,0.78,11552402,32644124
2009/3/11,0.82,0.85,0.85,0.81,15873736,46564080
2009/3/12,0.86,0.88,0.83,0.82,14612601,43823608
2009/3/13,0.82,0.85,0.79,0.79,24438344,69593128
2012/3/13,3.09,3.11,3.08,3.04,9201609,99075712
2012/3/19,2.79,2.86,2.84,2.79,6743529,67146720
2012/3/20,2.83,2.86,2.76,2.75,7039021,69034056
2012/3/21,2.8,2.87,2.82,2.76,8555930,84609232
2012/3/23,2.93,2.94,2.9,2.86,8330100,84647032
2012/3/26,2.91,2.98,2.96,2.88,7464406,76829480
2012/3/27,2.98,3,2.87,2.85,7915322,80608184
2012/3/28,2.85,2.85,2.73,2.73,9560358,91897608
2012/3/29,2.62,2.62,2.59,2.59,6260199,57003216
2012/3/30,2.56,2.59,2.49,2.46,9787550,86158760
2012/4/9,2.37,2.4,2.34,2.32,8349399,69310544
2012/4/10,2.33,2.35,2.31,2.23,10381389,83133848
2012/4/11,2.27,2.38,2.36,2.27,9476778,76891144
2012/4/12,2.35,2.38,2.36,2.32,9913986,81834696
2012/4/13,2.36,2.46,2.42,2.35,9884935,83510304
2012/4/18,2.45,2.47,2.4,2.33,11314962,94991104
2012/4/19,2.38,2.42,2.39,2.36,6526426,54713076
2012/4/20,2.38,2.4,2.36,2.35,6875593,57092004
2012/4/23,2.35,2.35,2.24,2.24,7944502,63514884
2012/4/24,2.17,2.19,2.13,2.13,6914960,52039104
2012/4/25,2.1,2.12,2.1,2.06,7931212,58151944
2012/4/26,2.1,2.17,2.12,2.1,6134083,46112520
2012/4/27,2.12,2.21,2.19,2.1,5753768,43802932
2012/5/8,2.22,2.3,2.24,2.15,9066406,71073064
2012/5/11,2.28,2.46,2.46,2.25,11162865,93721264
2012/5/16,2.37,2.38,2.27,2.26,10385967,84414512
2012/5/17,2.25,2.36,2.3,2.25,8621355,70310616
2012/5/18,2.26,2.26,2.12,2.1,11756317,90144560
2012/5/21,2.08,2.13,2.06,1.99,9146906,65983788
2012/5/22,2.07,2.08,2.07,2.04,5286372,38285304
2012/5/24,2.06,2.28,2.28,2.05,7168442,55492600
2012/6/1,2.35,2.39,2.34,2.32,8100348,66820352
2012/6/4,2.28,2.32,2.17,2.17,10774744,85079280
2012/6/5,2.17,2.19,2.13,2.11,6969116,52538936
2012/6/6,2.13,2.18,2.17,2.13,5742510,43529524
2012/6/7,2.2,2.22,2.11,2.1,5663484,42924340
2012/6/8,2.12,2.16,2.11,2.07,5256244,38276216
2012/6/12,2.13,2.32,2.32,2.13,6019619,46909240
2012/6/19,2.41,2.44,2.39,2.37,11318188,93329552
2012/6/21,2.41,2.41,2.33,2.33,8589001,69625488
2012/6/25,2.29,2.31,2.18,2.15,9482074,72754592
2012/7/24,2.06,2.14,2.1,2.05,10747052,77859280
2012/7/26,2.07,2.13,2.08,2.05,9027366,64859748
2012/7/27,2.09,2.12,2.12,2.07,8391703,60491688
2012/7/31,1.86,1.88,1.78,1.76,13252976,81673816
2012/8/1,1.77,1.82,1.81,1.77,8866801,54997252
2012/8/3,1.85,1.88,1.87,1.83,11910099,76128880
2012/8/9,1.96,1.97,1.96,1.92,11542731,77474368
2012/8/10,1.96,2.01,1.94,1.92,11414545,76865512
2012/8/13,1.93,1.93,1.82,1.81,11104700,71269592
2012/8/14,1.82,1.86,1.85,1.79,7923673,49956824
2012/8/15,1.83,1.85,1.81,1.8,5951089,37384684
2012/8/16,1.8,1.82,1.78,1.78,4009210,24819120
2012/8/17,1.79,1.85,1.81,1.78,5820121,36456480
2012/8/20,1.79,1.83,1.82,1.75,5415095,33222388
2012/8/21,1.81,2,1.88,1.8,11941040,77654464
2012/8/22,1.88,1.91,1.85,1.83,7104699,45524800
2012/8/23,1.84,1.87,1.85,1.82,6201556,39334808
2012/8/24,1.84,1.84,1.77,1.76,6894717,42676812
2012/8/27,1.75,1.75,1.71,1.7,4646210,27538216
2012/8/28,1.72,1.77,1.75,1.71,4975168,29985740
2012/8/29,1.74,1.82,1.75,1.72,6795883,41458624
2012/8/30,1.72,1.76,1.72,1.66,7125866,41962060
2012/9/3,1.68,1.77,1.75,1.66,10583166,62532760
2012/9/4,1.73,1.77,1.73,1.7,8272740,49216268
2012/9/5,1.69,1.77,1.73,1.69,7375454,43790664
2012/9/6,1.72,1.74,1.74,1.69,7954966,47049880
2012/9/10,1.79,1.85,1.84,1.78,15584567,97630512
2012/9/17,1.85,1.86,1.79,1.78,11513366,71661752
2012/9/18,1.8,1.81,1.77,1.76,5071785,31212266
2012/9/19,1.78,1.79,1.79,1.76,4002779,24504788
2012/9/20,1.79,1.79,1.69,1.68,7027638,41801016
2012/9/21,1.69,1.69,1.67,1.66,4878440,28192298
2012/9/24,1.67,1.79,1.73,1.62,8337439,48825964
2012/9/25,1.71,1.73,1.71,1.69,4784222,28179494
2012/9/26,1.71,1.72,1.66,1.66,3816635,22023004
2012/9/27,1.65,1.73,1.69,1.64,6095405,35315096
2012/9/28,1.68,1.73,1.71,1.67,6337241,37157664
2012/10/8,1.7,1.73,1.71,1.68,5718778,33669232
2012/10/9,1.7,1.77,1.75,1.7,10295731,61910688
2012/10/12,1.88,1.91,1.82,1.82,13148230,84173680
2012/10/15,1.84,1.84,1.7,1.66,13390383,79225768
2012/10/16,1.73,1.8,1.73,1.72,10876915,65822084
2012/10/17,1.72,1.8,1.76,1.69,8984202,54076104
2012/10/18,1.75,1.84,1.83,1.74,15356711,94841112
2012/10/19,1.81,1.83,1.79,1.78,9636200,59821904
2012/10/22,1.79,1.88,1.86,1.78,13184250,83303536
2012/10/23,1.86,1.89,1.84,1.82,9873072,62833560
2012/10/26,1.92,1.93,1.82,1.8,11918091,76095456
2012/10/29,1.85,1.92,1.83,1.82,10070337,64498748
2012/10/30,1.8,1.84,1.77,1.77,7604329,46976560
2012/10/31,1.77,1.81,1.79,1.75,4692720,28767116
2012/11/1,1.77,1.86,1.84,1.77,7398129,46655756
2012/11/2,1.84,1.86,1.84,1.82,4684848,29629800
2012/11/5,1.84,1.9,1.86,1.82,5929342,38072720
2012/11/6,1.88,1.89,1.88,1.81,9549989,61124468
2012/11/7,1.86,1.9,1.86,1.84,6466035,41676220
2012/11/8,1.83,1.84,1.77,1.76,7597709,46868720
2012/11/9,1.74,1.76,1.72,1.71,4679527,27936258
2012/11/13,1.74,1.81,1.74,1.72,8165092,49655904
2012/11/14,1.7,1.74,1.69,1.66,5594633,32459808
2012/11/15,1.67,1.68,1.65,1.65,3666198,21019212
2012/11/16,1.65,1.65,1.62,1.59,4969719,27542044
2012/11/19,1.61,1.64,1.63,1.61,3456632,19278314
2012/11/20,1.63,1.64,1.62,1.61,2613302,14580617
2012/11/21,1.62,1.7,1.66,1.6,5298391,30052080
2012/11/22,1.64,1.68,1.64,1.64,3890510,22145984
2012/11/23,1.64,1.66,1.64,1.64,2308737,13097145
2012/11/26,1.63,1.65,1.62,1.61,2013682,11269437
2012/11/27,1.61,1.62,1.49,1.48,5109995,27064074
2012/11/28,1.47,1.53,1.49,1.46,4494990,23183556
2012/11/29,1.5,1.54,1.46,1.45,4702659,24153988
2012/11/30,1.44,1.5,1.47,1.44,7499505,37832828
2012/12/3,1.49,1.49,1.33,1.32,9496590,45414184
2012/12/4,1.29,1.36,1.35,1.28,7048013,31926700
2012/12/5,1.34,1.43,1.4,1.34,9128585,43638008
2012/12/6,1.4,1.4,1.37,1.36,5781375,27347548
2012/12/7,1.36,1.43,1.42,1.36,8640350,41679324
2012/12/10,1.42,1.49,1.47,1.41,12392106,62199064
2012/12/11,1.47,1.5,1.49,1.43,11135715,56496776
2012/12/12,1.51,1.52,1.49,1.45,7821509,39916664
2012/12/13,1.5,1.55,1.48,1.47,10714366,55913560
2012/12/14,1.47,1.57,1.54,1.45,13228987,69225024
2012/12/17,1.54,1.64,1.59,1.51,17795348,96136544
2012/12/19,1.67,1.72,1.64,1.63,16710320,96257728
2012/12/24,1.63,1.68,1.65,1.61,11510725,64977784
2012/12/25,1.66,1.7,1.68,1.66,11281920,65333124
2012/12/26,1.67,1.7,1.69,1.66,6725722,38918768
2012/12/27,1.69,1.7,1.65,1.65,8987238,51758584
2012/12/28,1.64,1.66,1.63,1.61,7092649,39938784
2012/12/31,1.63,1.64,1.64,1.61,5859796,32866316
2013/1/7,1.73,1.77,1.76,1.72,16146296,97035136
2013/1/8,1.75,1.77,1.75,1.69,14166641,84402608
2013/1/17,1.92,1.97,1.91,1.89,7476345,49580176
2013/1/18,1.92,1.93,1.87,1.83,13939815,89642224
2013/1/21,1.88,1.89,1.89,1.83,10803232,69078568
2013/1/22,1.87,1.95,1.87,1.84,13639106,89082928
2013/1/23,1.84,1.88,1.88,1.83,6996076,44563300
2013/1/24,1.88,1.9,1.79,1.78,10775922,68210824
2013/1/25,1.8,1.84,1.77,1.77,5788551,35975624
2013/1/28,1.77,1.81,1.81,1.76,5239750,32262256
2013/1/29,1.82,1.82,1.81,1.78,5597050,34709584
2013/1/30,1.81,1.82,1.81,1.79,5659829,35035460
2013/1/31,1.8,1.84,1.82,1.79,6433748,40107440
2013/2/1,1.8,1.81,1.77,1.75,7843936,47872836
2013/2/4,1.76,1.77,1.72,1.7,6561933,39267004
2013/2/5,1.71,1.75,1.73,1.69,5187270,30735740
2013/2/6,1.73,1.75,1.75,1.7,6783109,40419592
2013/2/7,1.75,1.75,1.73,1.72,5338007,31810216
2013/2/8,1.73,1.76,1.76,1.72,6328576,38131480
2013/2/27,1.97,2.01,1.99,1.95,13115233,89582136
2013/3/11,2.01,2.07,2.05,1.98,10688467,74834288
2013/3/13,1.95,1.95,1.86,1.81,15592065,99986232
2013/3/14,1.84,1.87,1.84,1.82,6802989,43124012
2013/3/15,1.84,1.89,1.87,1.8,9274968,58999664
2013/3/19,1.9,1.9,1.87,1.82,7919316,50801064
2013/3/20,1.88,2,1.97,1.87,13454493,89952144
2013/3/22,2,2.01,1.99,1.96,9315538,63653016
2013/3/25,2,2,1.96,1.95,7025583,47531200
2013/3/26,1.96,1.97,1.92,1.88,6698183,44118008
2013/3/27,1.93,1.96,1.96,1.91,5849132,38848388
2013/3/28,1.94,1.98,1.91,1.9,7827550,52380124
2013/3/29,1.92,1.99,1.94,1.9,6297034,42245036
2013/4/1,1.92,1.94,1.91,1.86,5592543,36624892
2013/4/2,1.92,1.93,1.9,1.89,3930664,25908774
2013/4/3,1.91,1.91,1.83,1.81,6329308,40133904
2013/4/8,1.8,1.87,1.86,1.74,5601430,34555184
2013/4/9,1.88,1.92,1.91,1.86,6877443,44890924
2013/4/11,1.93,1.99,1.92,1.92,7456399,49930816
2013/4/12,1.94,1.94,1.9,1.87,6616621,43367120
2013/4/15,1.89,1.89,1.81,1.8,5850779,36949764
2013/4/16,1.79,1.84,1.84,1.77,3995758,25041960
2013/4/17,1.84,1.85,1.84,1.81,3863568,24380720
2013/4/18,1.84,1.85,1.82,1.82,3516431,22148244
2013/4/19,1.83,1.89,1.87,1.82,6522035,41655588
2013/4/22,1.85,1.87,1.86,1.84,5087954,32479556
2013/4/23,1.86,1.96,1.95,1.82,10461738,67770688
2013/4/24,1.88,1.9,1.88,1.82,13454204,86363440
2013/4/25,1.86,1.87,1.82,1.82,7625924,48161216
2013/4/26,1.83,1.84,1.82,1.81,4292429,26903296
2013/5/2,1.82,1.84,1.84,1.8,3157540,19858328
2013/5/3,1.84,1.88,1.87,1.84,4508941,28980092
2013/5/6,1.86,1.89,1.87,1.84,6248157,39975100
2013/5/7,1.86,1.89,1.88,1.86,4863883,31433864
2013/5/8,1.88,1.91,1.89,1.87,6585148,42853204
2013/5/9,1.85,1.86,1.84,1.83,8373521,52940724
2013/5/10,1.83,1.88,1.87,1.82,5490780,35054580
2013/5/13,1.88,1.95,1.9,1.87,8838483,58163556
2013/5/17,2.02,2.09,2.04,2,11528919,81008800
2013/5/29,2.3,2.34,2.3,2.26,11223276,80485208
2013/5/31,2.25,2.29,2.21,2.21,12414026,87366440
2013/6/3,2.2,2.22,2.19,2.15,8809844,59885344
2013/6/5,2.24,2.24,2.22,2.16,14508122,99802824
2013/6/6,2.19,2.21,2.09,2.07,11928594,79595544
2013/6/7,2.09,2.11,2.02,2.01,7792889,50080640
2013/6/14,2.06,2.12,2.11,2.03,11430454,74314192
2013/6/18,2.17,2.23,2.19,2.16,13007740,88725712
2013/6/19,2.15,2.15,2.09,2.05,11922077,77662232
2013/6/20,2.05,2.07,2,2,7700931,48929316
2013/6/21,1.96,2.09,2.06,1.92,10821351,67890000
2013/6/24,2.05,2.07,1.95,1.91,8627030,53662920
2013/6/25,1.89,1.98,1.96,1.77,10393292,61235644
2013/6/26,1.97,2.01,2,1.9,10411261,63952968
2013/6/27,2.02,2.03,1.9,1.9,8222082,50196232
2013/6/28,1.9,1.94,1.86,1.83,8024842,47130348
2013/7/1,1.88,1.88,1.85,1.74,7751614,43524060
2013/7/2,1.83,1.91,1.87,1.83,9526810,55823316
2013/7/8,2.02,2.02,1.95,1.93,9043270,55507836
2013/7/9,1.96,1.97,1.89,1.87,9250285,54843148
2013/7/10,1.87,1.95,1.95,1.86,11132746,66004376
2013/7/11,1.96,2.01,1.98,1.92,12360318,75906192
2013/7/12,1.97,2.04,1.99,1.95,10904179,68275840
2013/7/17,2.1,2.12,2.08,2.06,14682219,95595320
2013/7/18,2.09,2.09,2.06,2.03,8625534,55252400
2013/7/19,2.08,2.1,1.95,1.95,9861298,62749408
2013/7/22,1.92,1.99,1.98,1.9,7945441,48236120
2013/7/23,1.99,2.04,2.03,1.97,8018470,50311080
2013/7/24,2.05,2.09,2.05,2.02,11181108,71627328
2013/7/30,2.08,2.12,2.05,2,14100345,90745320
2013/7/31,2.04,2.12,2.06,2.04,9040916,58570136
2013/8/1,2.08,2.1,2.09,2.04,10259326,66378040
2013/8/5,2.17,2.17,2.14,2.1,10690902,71147792
2013/8/6,2.14,2.17,2.15,2.12,10144645,67864776
2013/8/9,2.13,2.15,2.09,2.06,13466832,88160816
2013/8/12,2.07,2.13,2.11,2.05,13018300,85242472
2013/8/13,2.11,2.17,2.14,2.1,11894739,79508608
2013/8/14,2.13,2.14,2.1,2.09,10797115,70895904
2013/8/15,2.1,2.11,2.03,2.03,11201964,72126984
2013/8/16,2.03,2.08,2.01,2.01,8907184,56417792
2013/8/19,1.99,2.04,2.03,1.98,5076578,32075390
2013/8/20,2.03,2.04,2,1.99,6429330,40509920
2013/8/21,2,2.03,2.03,1.96,6444732,40134728
2013/8/22,2.02,2.03,1.99,1.98,5823113,36363632
2013/8/23,1.99,2.01,1.95,1.93,6258064,38444612
2013/8/26,1.96,2.02,2.01,1.96,6608970,40948012
2013/8/27,2,2.03,2.01,1.98,5872323,36620932
2013/8/28,2.01,2.16,2.03,2.01,14841073,95851440
2013/8/29,2.03,2.11,2.09,2.03,13689364,88268976
2013/9/9,2.15,2.17,2.15,2.12,11461527,76608120
2013/9/12,2.13,2.17,2.12,2.08,14759452,97546936
2013/9/13,2.11,2.11,2.1,2.07,8049622,52557612
2013/9/16,2.1,2.14,2.12,2.09,12186007,80461896
2013/9/17,2.11,2.11,2.03,2.02,10751708,69008384
2013/9/18,2.03,2.04,2.04,1.98,7264386,45638720
2013/9/25,2.03,2.06,2.01,2,12952568,81933696
2013/9/26,2.01,2.05,1.99,1.99,9376423,59040552
2013/9/27,2.01,2.03,2.01,1.95,15042661,93324344
2013/10/11,2.15,2.19,2.17,2.12,14478570,97756208
2013/10/15,2.19,2.2,2.15,2.12,13422922,89949376
2013/11/20,2.56,2.6,2.6,2.55,9949960,80001096
2013/11/27,2.64,2.7,2.66,2.62,11639688,96472568
2013/11/28,2.65,2.68,2.65,2.62,11455327,94686032
2013/11/29,2.63,2.67,2.61,2.6,8735951,71619184
2013/12/3,2.41,2.48,2.47,2.4,5510234,42236488
2013/12/4,2.47,2.53,2.46,2.45,8055725,62679824
2013/12/5,2.45,2.52,2.51,2.44,6244875,48562516
2013/12/6,2.53,2.56,2.51,2.45,6516440,50961664
2013/12/9,2.51,2.52,2.49,2.48,4648364,36185856
2013/12/10,2.51,2.55,2.5,2.49,4978675,39197512
2013/12/11,2.51,2.51,2.41,2.39,7665443,58006404
2013/12/12,2.39,2.44,2.41,2.39,3519510,26545444
2013/12/13,2.4,2.44,2.43,2.38,3606399,27157160
2013/12/16,2.44,2.45,2.35,2.35,4569384,34034688
2013/12/17,2.36,2.45,2.4,2.35,5875446,44119424
2013/12/18,2.37,2.42,2.41,2.37,2684373,20089696
2013/12/19,2.41,2.43,2.36,2.36,2930410,21820956
2013/12/20,2.36,2.39,2.33,2.32,3871440,28330600
2013/12/23,2.33,2.34,2.29,2.26,2987283,21345170
2013/12/24,2.32,2.36,2.32,2.3,2547208,18495508
2013/12/25,2.34,2.38,2.37,2.32,2826021,20733288
2013/12/26,2.37,2.37,2.3,2.3,3555577,25806018
2013/12/30,2.46,2.5,2.47,2.45,6026405,46400148
2013/12/31,2.46,2.56,2.51,2.46,10863933,85776960
2014/1/2,2.48,2.52,2.51,2.43,7564419,58191600
2014/1/3,2.55,2.65,2.55,2.54,10242449,82717144
2014/1/6,2.52,2.6,2.59,2.46,8253790,65410700
2014/1/7,2.56,2.64,2.6,2.54,8426711,68731864
2014/1/8,2.59,2.64,2.55,2.54,6069541,48840108
2014/1/9,2.55,2.61,2.48,2.46,7481915,58998912
2014/1/10,2.47,2.51,2.5,2.44,5447340,41987020
2014/1/13,2.51,2.51,2.4,2.39,3897608,29709964
2014/1/14,2.4,2.45,2.45,2.35,4465554,33290850
2014/1/15,2.45,2.53,2.53,2.45,5626746,43634712
2014/1/16,2.52,2.62,2.53,2.5,7134177,57021012
2014/1/17,2.52,2.58,2.54,2.49,5169021,40913048
2014/1/20,2.54,2.63,2.57,2.53,8894471,71647296
2014/1/21,2.57,2.61,2.58,2.55,7783245,62569704
2014/1/27,2.7,2.7,2.64,2.61,10192397,84120408
2014/1/28,2.63,2.69,2.65,2.62,7141477,59006328
2014/1/29,2.64,2.64,2.63,2.57,6805745,55327528
2014/1/30,2.63,2.64,2.59,2.59,4023216,32824950
2014/2/7,2.53,2.71,2.68,2.52,6722623,55495208
2014/2/10,2.7,2.77,2.75,2.69,8095191,69017944
2014/2/11,2.76,2.8,2.71,2.69,7580177,64715548
2014/2/13,2.77,2.8,2.72,2.71,11091820,95090360
2014/2/14,2.74,2.87,2.75,2.72,9242615,80227344
2014/2/28,2.98,3.01,3.01,2.9,6959832,63941296
2014/3/4,3.16,3.25,3.18,3.12,8298716,81960296
2014/3/7,2.97,3.03,2.94,2.93,8109066,74922352
2014/3/10,2.89,2.95,2.79,2.76,9703427,85824696
2014/3/11,2.76,2.81,2.72,2.71,4794414,41175228
2014/3/12,2.72,2.79,2.76,2.7,5019117,43004080
2014/3/13,2.79,2.8,2.79,2.74,4981577,43130844
2014/3/14,2.84,2.84,2.8,2.76,5898980,51577324
2014/3/17,2.79,2.81,2.79,2.75,7376314,64101612
2014/3/18,2.8,2.85,2.8,2.78,9913203,86738408
2014/3/19,2.81,2.81,2.75,2.69,9183587,78263232
2014/3/20,2.77,2.77,2.61,2.6,11105379,93260480
2014/3/21,2.6,2.66,2.65,2.52,6236652,50291636
2014/3/24,2.66,2.69,2.59,2.56,11844245,95688240
2014/3/25,2.57,2.61,2.59,2.55,5876041,47378016
2014/3/26,2.59,2.67,2.65,2.59,9911699,81315592
2014/3/28,2.62,2.66,2.49,2.46,10828196,85065024
2014/3/31,2.5,2.52,2.44,2.42,4714656,36046080
2014/4/1,2.45,2.51,2.49,2.44,4644915,35823256
2014/4/2,2.52,2.54,2.49,2.48,6182617,48306096
2014/4/8,2.69,2.74,2.71,2.68,10576612,89683040
2014/4/10,2.76,2.78,2.71,2.7,8437448,71893672
2014/4/11,2.69,2.74,2.73,2.66,7186074,60509176
2014/4/14,2.72,2.75,2.73,2.68,4668349,39544868
2014/4/15,2.72,2.8,2.74,2.7,7111919,61177428
2014/4/16,2.75,2.76,2.69,2.67,5025378,42481684
2014/4/17,2.71,2.75,2.75,2.68,5257493,44667756
2014/4/18,2.73,2.74,2.73,2.69,4511711,38218272
2014/4/21,2.71,2.73,2.64,2.63,6417338,53695176
2014/4/22,2.64,2.65,2.56,2.51,7997831,63868308
2014/4/23,2.56,2.57,2.51,2.51,4387150,34767200
2014/4/24,2.52,2.58,2.54,2.52,4564512,36279644
2014/4/25,2.47,2.53,2.53,2.43,5515162,42622100
2014/4/28,2.5,2.53,2.43,2.42,4505058,34791480
2014/4/29,2.45,2.51,2.48,2.44,4579951,35396468
2014/4/30,2.37,2.44,2.37,2.31,7562126,55910800
2014/5/5,2.37,2.37,2.35,2.31,4274417,31107512
2014/5/6,2.35,2.39,2.37,2.34,4107948,30356582
2014/5/7,2.37,2.38,2.29,2.29,3763069,27329672
2014/5/8,2.29,2.43,2.41,2.26,8425673,62574920
2014/5/9,2.4,2.41,2.33,2.32,3348097,24652220
2014/5/12,2.34,2.41,2.41,2.34,3223076,23914376
2014/5/13,2.39,2.42,2.39,2.37,2284693,17057020
2014/5/14,2.39,2.48,2.41,2.37,4714389,35512280
2014/5/15,2.39,2.39,2.34,2.33,2524692,18597030
2014/5/16,2.33,2.36,2.33,2.31,2041119,14832755
2014/5/19,2.33,2.34,2.32,2.3,1691543,12222159
2014/5/20,2.34,2.37,2.32,2.31,2212035,16151595
2014/5/21,2.31,2.35,2.35,2.31,2163024,15779345
2014/5/22,2.4,2.46,2.39,2.38,7460684,56341596
2014/5/23,2.39,2.41,2.4,2.37,2937292,21835786
2014/5/26,2.42,2.46,2.45,2.38,4749136,35798744
2014/5/27,2.44,2.46,2.43,2.42,3116594,23655076
2014/5/28,2.42,2.47,2.47,2.39,5342000,40661592
2014/5/29,2.46,2.49,2.45,2.44,4485681,34470640
2014/5/30,2.46,2.49,2.46,2.4,3294503,25151508
2014/6/3,2.42,2.47,2.43,2.42,2523358,19305298
2014/6/4,2.45,2.46,2.46,2.42,3236789,24693794
2014/6/5,2.44,2.5,2.49,2.4,5599612,42751144
2014/6/6,2.54,2.62,2.6,2.52,9181259,73795552
2014/6/9,2.57,2.61,2.6,2.56,3709804,29960466
2014/6/10,2.6,2.62,2.61,2.57,3263215,26401928
2014/6/11,2.61,2.68,2.66,2.6,7519108,62093088
2014/6/12,2.38,2.46,2.45,2.35,5969546,43089176
2014/6/17,2.47,2.54,2.45,2.42,10582405,78395240
2014/6/18,2.45,2.48,2.39,2.39,6859633,49755912
2014/6/19,2.4,2.43,2.37,2.36,5635438,40560932
2014/6/20,2.39,2.41,2.4,2.34,3915951,28035110
2014/6/23,2.41,2.5,2.45,2.4,7864840,57753208
2014/6/24,2.45,2.48,2.46,2.43,5230257,38649232
2014/6/25,2.46,2.48,2.45,2.41,5342061,39211900
2014/6/27,2.55,2.62,2.61,2.53,12742520,98764768
2014/7/2,2.79,2.8,2.79,2.73,7497091,62430744
2014/7/3,2.76,2.84,2.78,2.71,7617240,63428152
2014/7/4,2.78,2.79,2.7,2.7,4745671,38832272
2014/7/7,2.71,2.85,2.73,2.71,9354602,77555360
2014/7/8,2.71,2.78,2.73,2.7,5218045,42939160
2014/7/9,2.73,2.77,2.7,2.7,6430718,52609800
2014/7/10,2.7,2.75,2.71,2.69,4773636,38936768
2014/7/11,2.72,2.82,2.76,2.7,4446418,36899584
2014/7/14,2.78,2.81,2.79,2.74,4324036,36020840
2014/7/15,2.78,2.81,2.78,2.73,4082655,33880224
2014/7/16,2.79,2.8,2.69,2.67,6789374,55180712
2014/7/17,2.68,2.7,2.63,2.61,5070342,40122396
2014/7/18,2.63,2.67,2.65,2.6,3903948,31012696
2014/7/21,2.64,2.66,2.65,2.62,3109341,24647872
2014/7/22,2.65,2.7,2.68,2.63,4229497,33983088
2014/7/23,2.73,2.73,2.64,2.63,2776396,22180224
2014/7/24,2.64,2.65,2.64,2.57,3540025,27720096
2014/7/25,2.65,2.74,2.67,2.65,4643320,37553556
2014/7/28,2.67,2.73,2.73,2.67,6348841,51472660
2014/7/29,2.73,2.84,2.84,2.7,11562952,97134808
2014/8/1,2.94,2.94,2.93,2.87,7057273,61577840
2014/8/4,2.91,3,2.97,2.91,6414468,57038500
2014/8/5,2.98,2.98,2.94,2.89,3819702,33671532
2014/8/6,2.95,3.06,3.03,2.95,8729191,78660448
2014/8/8,3.11,3.13,3.08,3.03,6488131,59817888
2014/8/11,3.08,3.14,3.1,3.06,6165022,57129456
2014/8/12,3.13,3.14,3.13,3.04,7692338,71551616
2014/8/13,3.13,3.17,3.13,3.09,10110408,94495768
2014/8/14,3.15,3.18,3.16,3.12,6911833,65273724
2014/8/15,3.16,3.23,3.19,3.12,6583052,62767644
2014/8/18,3.19,3.24,3.21,3.14,7421808,70966904
2014/8/19,3.21,3.22,3.17,3.11,9316324,87971080
2014/8/20,3.17,3.18,3.17,3.12,7577922,71767560
2014/8/21,3.17,3.18,3.17,3.12,7525189,71150384
2014/8/22,3.18,3.19,3.18,3.15,5308426,50473092
2014/8/25,3.19,3.22,3.2,3.17,8149376,78126424
2014/9/1,3.11,3.18,3.16,3.08,8710357,82113224
2014/9/17,3.17,3.19,3.17,3.09,8977768,84858608
2014/9/19,3.21,3.22,3.19,3.12,9711883,92279040
2014/9/22,3.19,3.21,3.07,3.07,10148234,94429016
2014/9/23,3.05,3.13,3.1,3.05,6438967,59908832
2014/9/24,3.08,3.14,3.13,3.07,8465213,79056328
2014/9/25,3.12,3.18,3.12,3.11,9793335,92467552
2014/9/26,3.13,3.17,3.13,3.12,4537734,42654124
2014/9/29,3.13,3.19,3.18,3.11,8322074,79008664
2014/9/30,3.18,3.21,3.16,3.14,6404226,60691904
2014/10/8,3.16,3.17,3.17,3.11,7766880,73144992
2014/10/13,3.1,3.1,3.08,3.06,7783969,71844688
2014/10/14,3.12,3.14,3.09,3.08,6354700,59160384
2014/10/15,3.09,3.11,3.06,3.04,5359084,49236380
2014/11/13,3.05,3.06,2.91,2.83,10289729,90898424
2014/11/17,2.77,2.83,2.79,2.71,8262096,69096600
2014/11/18,2.79,2.86,2.83,2.74,8663139,73279424
2014/11/19,2.83,2.88,2.85,2.8,6212411,53207040
2014/11/20,2.82,2.86,2.82,2.8,4850254,41123296
2014/11/21,2.82,2.87,2.84,2.8,6159149,52520480
2014/11/25,2.88,2.92,2.9,2.87,9341004,81267296
2014/12/10,2.54,2.63,2.63,2.51,10650526,82639880
2014/12/12,2.74,2.77,2.74,2.72,9470676,77895064
2014/12/19,2.6,2.61,2.57,2.51,12088167,92863488
2014/12/23,2.38,2.39,2.37,2.29,12179379,85851624
2014/12/24,2.38,2.47,2.47,2.35,13032741,94571024
2015/4/30,3.8,3.8,3.8,3.8,4886035,55749660
2015/5/14,4.1,4.1,4.1,4.1,1797868,22095798
2015/5/15,4.3,4.3,4.3,4.3,2405791,31034704
